Subject,Experiment,T7_delta,T7_theta,T7_alpha,T7_beta,T7_gamma,F8_delta,F8_theta,F8_alpha,F8_beta,F8_gamma,Cz_delta,Cz_theta,Cz_alpha,Cz_beta,Cz_gamma,P4_delta,P4_theta,P4_alpha,P4_beta,P4_gamma
s01,3MNLBH,36.69348147,17.07226984,6.082389454,1.546913853,0.165902914,93.08494617,28.16507103,9.545633332,2.460678759,0.329595619,37.23455992,17.19764795,6.310370515,1.512354763,0.13374942,24.67455453,11.25612287,4.887430317,1.842521951,0.127021164
s01,3MNLEH,5.179554536,2.181956806,1.461970696,0.979814249,0.312017616,379.1391886,102.7054399,35.68493869,8.302065003,1.430691827,5.494816978,2.500835947,2.011655806,0.809452438,0.150032134,2.569519446,1.123106319,1.516664698,0.938008923,0.171244443
s01,3MNMBH,6.95880505,3.056295915,1.523704266,0.789857919,0.089622441,71.55590452,26.89186756,7.410957099,2.268644373,0.212065516,6.848626614,3.200550594,1.844388413,0.766631319,0.074489372,4.237087783,1.964948747,1.599796066,1.06796494,0.069002732
s01,3MNMEH,11.45424895,6.433826177,2.570953579,0.876848975,0.082182316,275.9655453,53.05354594,18.65047207,4.570298521,0.541421089,11.87003594,6.807533218,3.041862958,0.82429971,0.062778885,8.185746587,4.840595924,2.818788173,1.119746989,0.06370038
s01,3MNNLBH,20.41999597,7.684752721,2.55395098,0.948503804,0.125249018,156.0585379,24.18986378,8.439889311,2.309741489,0.304990707,21.55356548,8.013387898,3.118315994,0.930595562,0.107492866,13.8332743,5.233226822,2.770141225,1.277099974,0.102427802
s01,3MNNLEH,4.891169564,3.046523976,1.588346476,0.806159081,0.162322246,391.2649585,93.96377158,29.91478476,6.486124787,0.929488811,5.415518436,3.250644304,2.167998484,0.709384697,0.115036385,3.908500665,2.084490461,1.845805193,0.939412556,0.132922711
s01,3MRSEC,5.223986599,1.929071945,1.154766072,0.554967265,0.043613165,9.328764333,2.414046047,1.153662976,0.467367533,0.04478663,4.720819223,1.959785168,1.665359878,0.531556321,0.048722758,4.346010406,1.711686486,1.915306191,0.909085816,0.04131454
s01,3MRSEC,3.042672769,1.005155481,0.928360145,0.681897176,0.049084492,5.435467816,1.383401888,1.006724312,0.518779747,0.048691862,2.751892439,1.061698332,1.342591826,0.506000369,0.04952202,2.584072209,0.916616854,1.783911618,1.015479373,0.047841035
s01,3MRSEC,11.25182226,3.501873333,1.322105056,0.552668419,0.044964868,16.65744823,6.740566297,1.542048336,0.477553256,0.045755067,8.543780927,2.960822234,1.399445295,0.443522816,0.042855598,9.213202039,3.089198802,1.603595542,0.749956376,0.0410941
s01,3MRSEO,1.546807873,0.661237049,0.715999964,0.358835178,0.045272072,19.44100071,3.95620219,1.176937149,0.384145019,0.064379838,1.791260767,0.859190304,0.986535234,0.370912096,0.040636599,0.958404097,0.374296216,0.909611144,0.313876306,0.030771036
s01,3MRSEO,14.23774348,8.720784036,2.749572392,0.664240406,0.062278871,105.0500119,18.29637893,6.945489018,1.89660493,0.196054625,13.47479703,8.392729029,2.746103263,0.597917246,0.05531331,11.51830358,7.129265899,2.541813606,0.686651642,0.051785534
s01,3MRSEO,2.395716579,1.004880331,0.845399591,0.484986383,0.087810101,202.8434475,41.44517874,20.94455529,3.765945176,0.715350016,2.532800145,1.116610213,0.979665757,0.36819234,0.06876421,2.685064151,1.099309366,1.20737121,0.599443953,0.098774766
s02,3MNLBH,36.41161247,7.668166571,4.342167901,1.063004808,0.158150774,472.5582909,97.55434212,34.64094826,8.761442927,1.260391732,2.801055299,1.914213224,2.316638904,0.532488126,0.045684215,3.651799632,1.519245407,4.213394901,0.891047783,0.051159232
s02,3MNLEH,17.58394961,6.460168416,3.073282061,0.776050407,0.092489152,26.54955861,7.535726462,2.629837842,0.495342408,0.056825358,13.25721609,5.152143615,2.744601785,0.600839429,0.044656974,17.06100305,6.474711979,4.147259117,1.000179783,0.049592023
s02,3MNMBH,4.782959565,2.215732695,1.998065802,0.690935962,0.059745828,8.929367639,2.532595825,1.381267531,0.347825773,0.041916803,3.803494754,2.238764878,1.886472646,0.495299187,0.040357797,4.893731733,2.170645842,3.586352012,0.647114577,0.039950543
s02,3MNMEH,153.2459372,26.25586746,4.50930236,0.791088758,0.056518696,139.4624454,25.55987203,3.852130006,0.48959352,0.054401357,109.3945614,18.56669081,3.611280393,0.568328236,0.043421071,152.3938685,27.37098764,6.511607548,0.976757899,0.053132997
s02,3MNNLBH,6.28281336,2.714610348,2.655227179,0.75682117,0.055371471,12.47455584,3.194198678,1.672313415,0.398084265,0.043179991,4.958904135,2.716262482,2.192779945,0.580002174,0.044951437,6.601233565,2.504065709,3.896150243,0.883238617,0.050057771
s02,3MNNLEH,24.8657342,5.309079365,3.344339062,0.9454659,0.089462312,10.18741343,2.006582837,1.300961815,0.370971144,0.051876409,2.118242311,1.672889012,1.825408667,0.516020854,0.044669187,2.326990949,1.212678691,3.589335717,0.737986192,0.052097135
s02,3MRSEC,2.16070498,0.836274743,1.092755763,0.315552476,0.030668686,4.462441696,0.926819218,0.761170195,0.15970884,0.02937062,2.685266617,1.518012135,1.638573321,0.295921838,0.031161484,4.316003717,1.569477587,3.209238375,0.703969282,0.036208728
s02,3MRSEC,2.957711697,1.851177222,1.602175862,0.570600523,0.042256677,2.911295563,1.204605258,0.699711733,0.202830773,0.040275336,2.441180845,1.778232016,1.524614803,0.361408613,0.031063761,3.974489595,2.183147087,3.39272731,0.836391033,0.03986554
s02,3MRSEC,2.044734735,1.15456023,1.945678185,0.503659169,0.036939829,2.704478585,0.878027013,0.689982212,0.191364465,0.032916306,1.831894879,1.329002979,1.46610838,0.342989482,0.030476266,2.18710368,1.267694847,3.44731215,0.838601181,0.040048083
s02,3MRSEO,11.45978807,5.058165314,1.845045226,0.511396244,0.052508487,10.28208796,4.685189828,1.625932842,0.359433998,0.086551308,12.9765675,6.175781728,2.25197253,0.434016464,0.03994089,24.91742701,10.10100261,5.154599066,0.895199974,0.047903763
s02,3MRSEO,1.964243156,0.907159669,1.078550338,0.314152587,0.044499707,3.699903311,1.411469557,0.700898099,0.211687111,0.084589283,1.788798915,1.294217334,1.240689794,0.2255836,0.035789582,3.103570645,1.309060133,3.469072439,0.61345408,0.0434673
s02,3MRSEO,1.76478722,1.501587178,1.798562991,0.709453561,0.134716948,173.2842343,36.81503578,6.784816175,2.258533876,0.276581324,1.457809353,1.285718593,1.213091823,0.22103546,0.035079788,1.636419515,0.975896724,3.313361246,0.532062558,0.04327433
s03,3MNLBH,172.8246837,26.0307774,7.462410836,1.916477088,0.254681107,3.583768498,1.780431352,0.634189093,0.298078804,0.101357185,1.87958241,1.400611429,0.576024883,0.192000006,0.036093063,2.090268984,1.41451624,0.559150705,0.230711111,0.038618798
s03,3MNLEH,0.990828295,0.529944628,0.300608075,0.227251983,0.054373596,1.905155182,0.829502983,0.490032372,0.313363874,0.135272921,0.916789072,0.535309215,0.324507545,0.17049131,0.043487868,1.085232312,0.493794027,0.343666993,0.221017988,0.048514607
s03,3MNMBH,1.803587086,1.077036646,0.594174195,0.290009338,0.086412002,2.101023767,1.161406561,0.582622989,0.25959301,0.071703705,1.56477434,0.983014536,0.504196005,0.242112581,0.063366891,1.521000524,0.842882689,0.524454355,0.282640683,0.064277325
s03,3MNMEH,0.540800973,0.352883232,0.333236014,0.237288288,0.053692155,1.2329552,0.683020699,0.489155482,0.330750844,0.14086322,0.696832597,0.413667764,0.304072424,0.17848741,0.044430316,0.610350585,0.308266868,0.433410158,0.247384598,0.044862818
s03,3MNNLBH,1.211470849,0.582400519,0.398100709,0.23828394,0.065180686,1.852603152,0.619723026,0.461718723,0.19158762,0.051490853,0.986525378,0.467747222,0.448876675,0.196101887,0.046780713,1.024626367,0.407717696,0.560649527,0.239174073,0.045270728
s03,3MNNLEH,3.404904933,2.66840677,0.897446259,0.265092701,0.074883711,3.863878996,2.605216721,1.051863294,0.3237028,0.119942256,2.762033434,2.196313167,0.840068695,0.22598518,0.059174696,3.865121204,3.058229791,1.145269496,0.321304229,0.066220904
s03,3MRSEC,132.9054426,34.38376703,7.680465602,1.578527756,0.192961843,131.8542911,26.09920169,9.033012965,1.387380487,0.221791429,14.51624009,12.01024019,5.508618067,0.913928433,0.079430987,133.4427146,35.05337756,8.151339665,1.557467851,0.185619391
s03,3MRSEC,26.58755535,6.738306358,4.128197921,0.747952249,0.071837341,48.72458015,11.46853195,5.28376285,1.114282865,0.150667122,19.34678902,5.030862817,3.070865991,0.505513812,0.052277689,58.64637089,14.47109837,6.897612186,1.319344502,0.116521071
s03,3MRSEC,0.809898203,0.395982209,0.240922189,0.207036753,0.048337276,35.46591135,5.834322841,2.463906661,0.608847252,0.100149926,0.799429722,0.392304827,0.222740466,0.135788415,0.037887927,0.826303213,0.330120252,0.302549023,0.206402025,0.040001617
s03,3MRSEO,8.764079431,4.933344233,1.248417884,0.380590962,0.064051272,9.656251215,4.974503897,1.070930747,0.304428088,0.086982453,6.465445926,3.762054954,0.848077076,0.231161454,0.048366838,9.236840513,5.304111156,1.315041301,0.360788858,0.05736773
s03,3MRSEO,3.964740252,1.369732863,0.321978946,0.266115314,0.067160676,6.33002412,1.739968864,0.36594003,0.273864911,0.110329481,2.960944907,1.081129113,0.232292739,0.13144944,0.050659669,4.222828549,1.461661006,0.35064044,0.197829736,0.059771844
s03,3MRSEO,2.229169964,0.792815622,0.336326796,0.24420648,0.058814999,6.116702363,1.511280503,0.372717631,0.229437955,0.081238669,1.224389299,0.547314771,0.240567217,0.126776069,0.044130138,1.167054925,0.570111191,0.348123345,0.193314579,0.050696976
s04,3MNLBH,1.188824969,0.585982156,0.62220184,0.365587819,0.078015872,1.083764482,0.548115925,0.859862083,0.419670242,0.119146198,1.32210602,0.838912199,1.187033396,0.380811639,0.046256936,0.950225416,0.630343161,1.805205754,0.911664848,0.048407476
s04,3MNLEH,1.863155199,0.933537174,0.622784587,0.36429709,0.129170054,1.181979608,0.790823132,0.627826618,0.304551954,0.039435742,1.306436451,0.945323421,0.941077089,0.321527924,0.039732608,1.180706179,0.915122458,1.219870091,0.771184641,0.046813487
s04,3MNMBH,0.932505596,0.568390991,0.559178685,0.413964333,0.17086256,0.886321293,0.588325732,0.653893442,0.361523211,0.101955515,1.011239196,0.894974177,0.9652219,0.374805187,0.044108323,0.787426975,0.622923718,1.162889015,0.720854206,0.045959718
s04,3MNMEH,1.618717931,1.58913636,0.760093089,0.323868222,0.054145479,1.509028233,1.247867959,0.785897715,0.306419928,0.047171497,1.805990377,1.526876638,1.000455093,0.309634662,0.041690433,1.556736687,1.386482162,1.188947493,0.695536825,0.048745652
s04,3MNNLBH,1.167029674,0.676121311,0.569123356,0.337270435,0.064532523,1.25517787,0.827672512,0.848825459,0.386494709,0.055568266,1.372707285,0.880424579,0.966948583,0.344994252,0.042008999,1.219738368,0.791329501,1.521305622,0.992067818,0.054170379
s04,3MNNLEH,1.184505282,0.707462208,0.674534907,0.457050037,0.136042759,1.131846995,0.614992504,0.784696868,0.374202257,0.052458537,1.045178694,0.743677858,0.995341333,0.347161512,0.039456901,1.007963148,0.696677882,1.607386333,1.048250876,0.069901388
s04,3MRSEC,0.993896003,0.703975148,0.544459791,0.354857607,0.164598199,0.795872473,0.63316832,0.446531512,0.222114603,0.058909753,1.156383442,0.870299262,0.714036532,0.227540865,0.058397406,0.763108824,0.661642242,0.643023933,0.341855399,0.057069857
s04,3MRSEC,0.96661838,0.686812256,0.504977656,0.219807125,0.051323522,0.961672974,0.604500906,0.424749565,0.192881865,0.040628876,1.266844019,0.97239894,0.634931047,0.212545358,0.037250247,0.706842525,0.63907655,0.604228105,0.285964698,0.038404986
s04,3MRSEC,3.212290905,1.036183237,0.535335383,0.366242084,0.071406741,3.386956232,1.094063317,0.592727053,0.295689342,0.040981225,2.770397857,0.936944184,0.500368207,0.224115316,0.033240874,2.338569992,1.007862034,1.226147526,0.684115966,0.045973921
s04,3MRSEO,1.546551604,0.607967848,0.396917979,0.250953999,0.06439863,1.546312779,0.670884205,0.444522658,0.270033953,0.044537739,2.635894082,0.817185158,0.526147443,0.244500746,0.042538018,0.750338223,0.384074779,0.65351125,0.540373387,0.038432383
s04,3MRSEO,1.359255805,0.630955133,0.300044691,0.269980763,0.120404481,1.381340698,0.594298541,0.404755851,0.306124143,0.084863463,1.524249625,0.699546965,0.399610689,0.198442723,0.035534805,0.62896489,0.411338228,0.584601432,0.513462093,0.036291293
s04,3MRSEO,1.266959917,0.703085536,0.503245331,0.242083077,0.045215728,1.295053504,0.616791508,0.484642925,0.271210774,0.040978822,1.474968022,0.660271843,0.551452606,0.213492618,0.034567468,0.884156525,0.436467274,0.751857316,0.635135891,0.039535341
s05,3MNLBH,18.09301259,15.8698064,4.337794391,1.285800995,0.480125452,33.9520275,11.65934074,6.525990873,1.57626719,0.240272998,3.723026831,4.080969227,5.279907148,1.040007627,0.096336298,4.735610663,5.501467032,7.007193961,1.58744396,0.177824837
s05,3MNLEH,29.81830785,5.260060413,3.26246792,0.880593792,0.201469273,81.09836171,14.290406,11.59210186,2.150164497,0.377481967,1.978771992,1.279998753,5.677268198,0.846455034,0.086521986,2.380742317,1.782280027,6.173546511,1.666616494,0.340553526
s05,3MNMBH,1.052798994,0.583320071,1.367695874,0.543958989,0.129257298,1.644593334,0.781220606,4.427556916,0.841075293,0.080701422,1.401608264,0.912896269,4.695165407,0.825120026,0.07076112,1.96678318,1.688958406,5.161603415,1.337249483,0.094194016
s05,3MNMEH,1.128826498,0.615165154,1.611717328,0.540677091,0.122512326,2.369107408,1.12080593,4.874265993,0.905231209,0.145817176,1.524223924,1.124343069,5.652218913,0.891708209,0.067825882,1.928338265,1.79644639,6.123366552,1.510162003,0.242042513
s05,3MNNLBH,1.123601492,0.628631309,1.422966068,0.514902118,0.116911095,1.606910866,0.906752778,3.797969948,0.780017191,0.13064619,1.661429581,1.165548876,4.704557489,0.881823525,0.0781417,1.708026378,1.790407167,5.78536704,1.418806294,0.091547673
s05,3MNNLEH,1.823772492,0.772621494,1.463235881,0.535334668,0.175172932,2.835772722,1.111239662,4.500522837,0.736010859,0.23677411,2.024224596,1.204230717,5.005289586,0.684930027,0.101617908,2.382336728,1.730033732,6.958875889,1.064332848,0.186151496
s05,3MRSEC,2.179450183,0.831223145,1.648310088,0.534402508,0.067315591,2.850223832,1.142326145,4.831506977,0.887641171,0.10510439,2.528759241,1.30651286,5.2762579,0.894190933,0.06190177,3.407529358,2.20966134,6.540353898,1.558499662,0.075007852
s05,3MRSEC,2.137180593,0.837847118,1.688429955,0.570786527,0.107250072,3.093599681,1.141090841,4.549378587,1.060122836,0.253786112,2.441496503,1.260109353,5.342946019,0.903458107,0.074595953,3.208136147,1.936159058,6.398510315,1.60883684,0.111929009
s05,3MRSEC,1.983124646,1.133578198,1.524751442,0.537940065,0.078418725,2.801333192,1.485869232,3.886514317,1.010237802,0.096797168,2.285132581,1.397032366,4.197661093,0.966596197,0.060162969,3.11598009,2.405604939,6.269408094,2.046789744,0.068785239
s05,3MRSEO,117.9151286,13.19407384,6.776967244,1.537927055,0.271374809,3.381751996,0.734819006,1.321409835,0.709336769,0.212991391,1.747540805,0.597514251,1.204988847,0.589639891,0.093524898,2.030500554,0.799444799,3.128954893,1.20310489,0.103371647
s05,3MRSEO,40.64229025,7.320507802,3.806843459,1.011683663,0.200925997,25.16804582,5.46048009,3.589579954,1.193624078,0.260713359,1.718852902,0.679133848,1.899695051,0.618639614,0.077088235,2.007544436,1.093329846,4.210845364,1.29830311,0.089404971
s05,3MRSEO,34.47552936,6.154949329,2.877630888,0.898830451,0.141291093,98.34258386,11.64170241,6.660722346,1.653758286,0.293209044,2.078031903,0.771409181,1.982289269,0.611803184,0.065752418,1.847300119,1.051170031,3.693766869,1.273599767,0.080090019
s06,3MNLBH,1.730034638,0.75710615,1.364582568,0.734070485,0.195536232,5.360322361,1.280109504,1.616310717,0.741442668,0.115074834,2.483511333,1.14425322,2.391534463,0.926936935,0.077740787,1.691702116,0.774043434,2.457267538,1.527678783,0.098274294
s06,3MNLEH,0.879012494,0.492522197,1.170516245,0.478812109,0.05508934,3.019060766,0.849983359,1.334270726,0.606255419,0.064805915,1.239235501,0.995245053,2.273227513,0.862008586,0.053365267,0.911290545,0.612216338,2.270999484,1.415748251,0.062220024
s06,3MNMBH,1.052798994,0.583320071,1.367695874,0.543958989,0.129257298,1.644593334,0.781220606,4.427556916,0.841075293,0.080701422,1.401608264,0.912896269,4.695165407,0.825120026,0.07076112,1.96678318,1.688958406,5.161603415,1.337249483,0.094194016
s06,3MNMEH,0.810927274,0.481859831,1.439779723,0.575919305,0.079257487,3.733223846,0.984279287,1.425483481,0.710331135,0.103758865,1.145504211,0.864568425,2.115251091,0.849757774,0.05917007,0.858692802,0.607793226,1.982849828,1.505098534,0.072240544
s06,3MNNLBH,1.059371178,0.58797021,1.145906926,0.548820701,0.055625213,4.199643012,1.32302069,1.366487939,0.689051243,0.082925079,1.443214144,1.074877726,2.391052292,0.943915573,0.059365575,0.974679287,0.550987369,2.088181768,1.581135155,0.060919021
s06,3MNNLEH,0.904485115,0.552266035,1.517369985,0.572563967,0.073621097,2.888426262,0.9812228,2.035160018,0.754467152,0.098261823,1.283508841,0.959116109,2.890768932,0.958236374,0.069640471,0.958448896,0.684680376,3.020845798,1.632906413,0.080458192
s06,3MRSEC,0.763752663,0.451132459,1.630069836,0.45602459,0.057408626,1.624502903,0.576212956,1.576432884,0.640866528,0.120550617,1.356929537,1.003655824,2.633472174,0.755084339,0.050182517,1.065698312,0.576134267,2.43862886,1.242658249,0.062151898
s06,3MRSEC,0.76827798,0.578264084,1.571325797,0.429114195,0.037903616,1.715957569,0.527201378,1.522516179,0.51919671,0.044575309,1.353060502,1.01831338,2.496136694,0.74619957,0.045134731,0.922620795,0.587053007,2.179135723,1.2145921,0.041841458
s06,3MRSEC,0.816721676,0.505652157,1.332624113,0.421424707,0.056177739,1.513763576,0.567122049,1.488437151,0.463374051,0.048721939,1.258819955,0.992779652,2.381494233,0.65460411,0.044308366,0.916887496,0.542763135,2.3494698,1.177757045,0.048401588
s06,3MRSEO,0.852543017,0.398220184,1.373650947,0.63121349,0.236652707,8.686601545,2.055144107,1.750895999,0.93940768,0.377871995,1.403814783,0.791435905,2.321110195,0.839645026,0.076106052,1.2196091,0.544404744,3.906109954,1.088330377,0.107094154
s06,3MRSEO,1.118334382,0.558263769,1.36094702,0.514984998,0.163565524,12.95951964,2.086833522,2.105272906,0.999824714,0.373652376,2.035331008,0.935269079,3.023913839,0.916936864,0.068821868,1.717799474,0.639179341,3.813572456,1.057200473,0.092839673
s06,3MRSEO,0.737033469,0.403396219,1.588358861,0.432085723,0.068116073,3.973858788,0.845339078,1.885369655,0.637185596,0.134640322,1.252643161,0.78033935,2.952515757,0.777525904,0.049635672,0.920414388,0.473581703,3.93853914,0.997652452,0.051539202
s07,3MNLBH,0.826122903,0.496893112,0.732204587,0.87883643,0.045464575,2.070288155,0.70072667,1.093231889,0.522405441,0.054927364,1.087748557,0.860804849,2.095783646,0.810761677,0.041191462,0.659687734,0.434546494,0.915703784,0.892558095,0.032749443
s07,3MNLEH,1.19669614,0.6055744,1.050267042,0.966274105,0.061773359,2.198338321,0.773338725,1.782413166,0.619285526,0.073047829,1.285506054,0.880951795,2.7791479,0.814265559,0.04555008,0.921133697,0.500388545,1.503556529,0.853881869,0.03834348
s07,3MNMBH,1.352038022,0.50249891,0.625301189,0.685535511,0.038559223,2.046409042,0.677371309,1.147027283,0.521777431,0.046990808,1.210524692,0.9819967,1.716597837,0.738755167,0.038387299,0.786466657,0.463682743,0.830912345,0.867491776,0.029893407
s07,3MNMEH,1.014472691,0.532281476,0.830299104,0.896560938,0.065209525,2.152491915,0.687137393,1.463890058,0.609661995,0.071593122,1.227260116,0.921459012,2.299849862,0.797418923,0.045640693,0.919364504,0.495000248,1.207609323,0.975691191,0.03490269
s07,3MNNLBH,1.266327035,0.630737745,0.845005576,0.876408217,0.043705497,1.999494557,0.728446314,1.288785425,0.543340323,0.044561842,1.583305983,0.982390818,2.243297604,0.742686291,0.043097908,0.941562561,0.521844522,0.991306087,0.812292266,0.033537788
s07,3MNNLEH,3.132429178,1.268698896,1.340999266,1.047706104,0.06266751,4.333516687,1.439208472,2.050887058,0.641132293,0.080293498,3.615609633,1.826850659,3.067649823,0.872549642,0.053856744,2.80711892,1.128127857,1.742269117,0.952814687,0.041590881
s07,3MRSEC,1.08771935,0.573605849,1.20262425,0.939987155,0.06934171,2.481710468,0.619424042,1.763923851,0.650453792,0.056839525,1.108808036,0.784283656,2.427743887,0.755427386,0.04645245,1.047736459,0.597060828,2.034386704,0.905018437,0.037829107
s07,3MRSEC,0.616203149,0.482815388,0.66905425,0.5516432,0.043306379,1.34769826,0.537332563,1.091828787,0.549625786,0.050376868,0.849688128,0.864168115,1.395002507,0.588776911,0.043129813,0.66518003,0.420562906,1.374999369,0.852881404,0.035200013
s07,3MRSEC,0.865766278,0.543788696,0.665041106,0.483508723,0.034656307,1.410754794,0.600370772,0.964962145,0.457404235,0.046179408,1.124859632,0.968367306,1.406823455,0.571003306,0.042320998,0.901247962,0.53555293,1.120126278,0.730584621,0.029630698
s07,3MRSEO,0.65376502,0.42137797,0.29190439,0.402807439,0.067828667,39.15336687,6.94956673,2.006177589,0.808061785,0.205487062,0.530181966,0.457583121,0.273473205,0.154286881,0.043977937,0.564396412,0.328943368,0.285242234,0.281724146,0.0396401
s07,3MRSEO,1.12947617,0.57011404,0.309223969,0.347819906,0.076169263,7.269954661,1.847301597,0.425170212,0.405678842,0.176979774,1.25204908,0.665590323,0.320602499,0.156777601,0.041954346,0.577654339,0.31489904,0.253125866,0.222631311,0.037310651
s07,3MRSEO,1.345196133,0.586009543,0.29994531,0.347693264,0.075420933,9.130565958,1.961329833,0.455259858,0.414605924,0.223560047,1.279846177,0.867028372,0.415706951,0.190075073,0.052999575,0.842060282,0.376388495,0.291492681,0.262002761,0.039164885
s08,3MNLBH,1.2234204,0.609578098,1.027193404,1.07178199,0.093503525,2.566112312,0.973705187,1.345244107,0.718443518,0.052381766,1.085160168,0.839189801,1.947963197,0.591174802,0.049518895,1.640707977,0.640906056,4.009715756,4.299367051,0.071834128
s08,3MNLEH,1.23810814,0.62539502,1.151488039,1.108950568,0.081296422,3.484948202,0.992204247,1.250362917,0.708664383,0.045504247,1.09797668,0.918380725,1.716494176,0.556322349,0.047748466,1.367528652,0.612672007,4.365461321,4.632699044,0.081342519
s08,3MNMBH,1.319383779,0.586401881,1.049666928,0.963822949,0.067194069,3.440223113,0.942108289,1.301713917,0.58862771,0.04993374,1.268061555,1.014348096,1.993000926,0.529408174,0.051280795,1.721213016,0.716757465,4.491102645,4.03555283,0.077301442
s08,3MNMEH,1.148860146,0.604102298,1.040249959,1.118416969,0.088968593,2.531191635,0.817853284,1.313719348,0.76770708,0.055845202,1.109949038,0.878440351,1.958645142,0.572771089,0.060008311,1.16033551,0.617449287,3.721455284,4.547009801,0.088311195
s08,3MNNLBH,1.05059455,0.598177846,0.784184199,0.828602278,0.072215538,2.792306412,0.820570765,0.940362133,0.490170112,0.053874015,1.272559942,1.045836413,1.677166591,0.494001496,0.048780052,1.722066013,0.700336968,1.907632275,2.275342296,0.068793012
s08,3MNNLEH,1.026941188,0.557648593,0.801062931,0.893550728,0.076594928,3.866433764,1.003601864,1.05172331,0.53672734,0.049596103,1.095086781,0.876175537,1.674847897,0.472107675,0.0472408,1.241178588,0.590561647,2.222088568,3.080485256,0.07057105
s08,3MRSEC,1.169002534,0.527082388,0.552393253,0.764308922,0.094872712,2.462323552,0.753953216,0.664550376,0.416327499,0.050670558,1.060840207,0.787768952,1.043267301,0.318594281,0.046956397,1.886793709,0.725628382,1.727126736,2.023907537,0.089887595
s08,3MRSEC,0.753351191,0.462174516,0.639442143,0.785630154,0.069180057,1.640033469,0.596971936,0.646860121,0.466212371,0.047264942,0.998183391,0.809364053,0.941073227,0.407254299,0.041937695,1.252018347,0.629563691,2.501042167,2.776531743,0.081128949
s08,3MRSEC,1.069508328,0.502756663,1.003927741,0.77309668,0.070401126,2.830784722,0.788640793,1.183226796,0.569724092,0.084045529,1.010560589,0.815376093,1.510497759,0.372228745,0.046795688,1.307370346,0.641672504,4.467512453,3.21650863,0.076988678
s08,3MRSEO,0.548770653,0.387482301,0.241517142,0.459123487,0.112197689,3.891062654,1.351234345,0.432307181,0.456997661,0.158907547,1.471228675,1.0320913,0.435997946,0.245386939,0.064174837,1.523975812,0.64137654,0.433202906,0.696450974,0.087318451
s08,3MRSEO,0.442703086,0.335373884,0.242580325,0.463084027,0.080858894,2.062963574,0.881535896,0.298762669,0.221352452,0.070423176,0.943581328,0.72457816,0.324554843,0.188575893,0.04661211,1.243022101,0.557730555,0.375929281,0.691474118,0.082387838
s08,3MRSEO,0.51108206,0.378037893,0.245886175,0.431689203,0.117697675,19.96294035,4.870805895,0.973524544,0.350954583,0.158272881,1.259953247,0.859737311,0.356316353,0.234281528,0.075725308,2.34403336,0.783552731,0.532989619,0.771710347,0.114558262
s09,3MNLBH,0.773760717,0.576843554,2.943985266,1.661250238,0.094052284,1.107312752,0.54396486,1.62039728,0.746061526,0.0709329,0.989859149,0.745356134,1.839538515,0.820878649,0.071775233,1.195137976,0.768766265,9.146705282,3.435056223,0.08357669
s09,3MNLEH,0.770368031,0.649331647,3.160750546,1.488338451,0.118302089,0.902692899,0.537240383,2.204952722,0.70431403,0.075123891,1.095111169,0.85697194,2.106332145,0.793128653,0.069127109,1.24560396,0.7964854,11.5709683,3.522269876,0.084777962
s09,3MNMBH,0.773686854,0.596029315,1.604024306,1.416158466,0.097494556,1.272442528,0.56969884,1.070320487,0.731207441,0.07239427,0.96228386,0.763474542,1.006688659,0.726335588,0.096018741,1.304086777,0.791566759,4.476172799,2.634889088,0.080843735
s09,3MNMEH,0.716029861,0.580714669,2.806808939,1.776804646,0.115836868,1.425729505,0.584439042,1.633706476,0.696423904,0.078682671,0.862586195,0.713436261,1.820839514,0.736019644,0.076193876,1.185578009,0.758905154,9.519545611,3.411146168,0.08848794
s09,3MNNLBH,0.78859641,0.632279959,3.313670681,1.650479287,0.107938629,0.986227036,0.508004347,2.160752493,0.6556025,0.075852799,0.963685406,0.770365494,2.337867353,0.740093053,0.077940562,1.29591597,0.821132614,11.73500166,3.018895,0.08806573
s09,3MNNLEH,0.82768186,0.590227025,3.060504724,1.049303923,0.095050375,1.085570302,0.540495508,2.049155065,0.54362949,0.066351209,0.950975805,0.710981769,2.3553466,0.665071165,0.063546101,1.196432199,0.764441405,13.00881519,2.806385901,0.079146699
s09,3MRSEC,0.789580182,0.642106286,1.202192359,1.316008072,0.101638422,1.348348881,0.602568823,0.920818566,0.6427833,0.083813325,1.144377041,0.8612426,1.187321296,0.807372823,0.105252042,1.124581032,0.765326827,4.76816414,2.677886648,0.087225042
s09,3MRSEC,0.906728483,0.739155534,0.990583287,1.348071699,0.099128789,1.728516149,0.677505273,0.569532557,0.572558166,0.07609101,1.29834291,0.929207406,0.773712273,0.80812695,0.119559633,1.302426928,0.820370109,1.779311788,1.866818453,0.082942719
s09,3MRSEC,0.782101156,0.589901963,1.499097319,1.480101197,0.099814855,1.11697444,0.538500759,0.866814804,0.62735085,0.062997523,0.958092646,0.764256305,1.041791603,0.773712443,0.068013225,1.206787638,0.720550194,4.804465968,3.394234381,0.077773061
s09,3MRSEO,1.093059397,0.608584286,0.394415302,0.787776687,0.139167294,1.811222468,0.746890867,0.420645179,0.352291177,0.085606226,1.146019032,0.982913028,0.441014298,0.291103294,0.061768032,1.292005644,0.609902285,0.770453571,0.692692795,0.067651598
s09,3MRSEO,1.886604509,0.749204131,0.63701554,0.874995784,0.13365657,2.250148849,0.840879625,0.458065694,0.361808713,0.101741644,1.489408453,0.948392785,0.553611273,0.345241285,0.073992673,1.569321572,0.679530412,1.198936041,0.884723421,0.066292405
s09,3MRSEO,0.696904215,0.514297473,0.864565002,1.091729754,0.111026222,1.144794425,0.527657858,0.420954837,0.346405611,0.068752373,0.97085501,0.851825228,0.620930866,0.396719832,0.068338042,1.099715103,0.584442413,1.77552841,1.097394854,0.0647074
s10,3MNLBH,2.569295291,0.86283443,3.599864933,1.584675203,0.070492612,1.793635288,0.652083924,1.787376624,0.563501813,0.036187857,1.981529757,0.96116298,2.722019515,0.799670142,0.056586895,2.360819708,0.927993386,9.315770133,2.192848178,0.053830214
s10,3MNLEH,2.043459901,0.868718427,3.167868881,1.530485091,0.074643545,2.027689313,0.718125524,2.049521626,0.650176061,0.042126447,2.136843264,1.042382056,2.477828199,0.806270707,0.066267488,2.236466864,1.064623049,9.965755725,2.627802707,0.064597811
s10,3MNMBH,1.235469782,0.738963774,2.648361368,1.813283606,0.070171152,1.183007161,0.605068428,1.638148878,0.705019534,0.037554112,1.405695291,0.937724533,2.118188345,0.810538879,0.05507172,1.57313501,0.784890825,7.817864199,3.041315482,0.055742634
s10,3MNMEH,3.021049134,0.998156233,2.874811443,1.718953663,0.062098272,3.186505464,0.910832542,1.485812554,0.609010358,0.036495213,2.363511604,0.986870905,2.31940993,0.764252279,0.05243521,4.201922936,1.312665643,7.571185528,2.545094202,0.054351244
s10,3MNNLBH,1.357841003,0.783964538,2.997916098,1.737648618,0.071919527,1.142270576,0.540611876,1.514361146,0.606302374,0.035768267,1.479976587,0.884636806,2.135092075,0.782756721,0.055797431,1.404218416,0.7438926,7.531484364,2.672775234,0.051333323
s10,3MNNLEH,1.777873016,0.763734567,2.866575429,1.618152398,0.068031716,1.540979223,0.649663028,1.748493683,0.600466684,0.034955412,1.903281498,0.954883758,2.354254711,0.852799214,0.056979243,2.244695873,0.885175804,8.955029165,2.652566356,0.053042604
s10,3MRSEC,1.112082598,0.658356113,2.70961065,1.684237451,0.071445815,1.274724839,0.462012589,1.691945949,0.733753537,0.037569788,1.793231631,0.929768333,2.472726482,0.930339265,0.06445387,1.499145787,0.716626121,6.652152886,3.165388928,0.059034698
s10,3MRSEC,1.007388228,0.622452912,2.175599505,1.543728543,0.066555989,1.13228635,0.450404447,1.193942636,0.629510766,0.036077954,1.576134223,1.006012941,2.073236928,0.892949704,0.055049618,1.346302462,0.713400227,4.644438382,2.60495705,0.05185261
s10,3MRSEC,1.400293466,0.691575877,2.11271245,1.598391638,0.073239129,3.994571977,1.170824513,1.507779956,0.733490006,0.043146515,2.523230082,1.099738261,1.997924811,0.902765692,0.060093578,5.331820398,1.564643958,5.976990276,3.338135758,0.059648953
s10,3MRSEO,1.137284441,0.60791966,1.131332947,0.833461654,0.05521924,1.99871218,0.695881464,0.612040972,0.330290142,0.035194586,4.270546328,1.017182375,1.197726095,0.62214312,0.058701341,1.463620876,0.531922814,2.256414052,1.360185478,0.051917771
s10,3MRSEO,0.991504826,0.573575924,0.825012253,0.917837218,0.056959109,2.328961965,0.47518825,0.526864239,0.351269499,0.030447521,2.378664995,0.884930974,0.934423296,0.620816542,0.051417412,1.291940605,0.513401268,1.261669088,1.177560982,0.045404034
s10,3MRSEO,0.950077928,0.497754618,0.805473291,0.867134136,0.051529997,2.016568651,0.470820151,0.522106445,0.362443792,0.032084768,1.941992958,0.8844991,1.002315285,0.686842963,0.050303266,1.140758035,0.501673282,1.546940628,1.350886463,0.044376817
s11,3MNLBH,0.824052894,0.676272094,1.241770768,0.280217476,0.045480295,1.788840757,1.037851573,1.375662339,0.217862485,0.038148452,0.669561618,0.600607459,1.261601156,0.189559962,0.030081318,1.093907511,0.443627262,1.690115069,0.294782357,0.029522172
s11,3MNLEH,0.930386098,0.68471985,1.871912331,0.434400807,0.053969363,1.086750287,0.818482172,1.989875581,0.262351605,0.048810267,0.579092072,0.550167913,1.976337503,0.213429962,0.028746575,0.604202944,0.449313149,2.396659787,0.341592743,0.02973792
s11,3MNMBH,1.023136215,0.713473518,1.489475117,0.324792244,0.046008751,1.309098987,0.978265185,1.51646285,0.236876257,0.037304536,0.708770958,0.568745675,1.455062538,0.2115497,0.029659142,0.629732953,0.481513264,2.137690706,0.35244769,0.030536793
s11,3MNMEH,1.121747755,0.929557822,1.762994098,0.435904302,0.057364262,1.416896127,0.926112396,1.975306161,0.334325906,0.043425449,0.679536377,0.593928113,1.675494768,0.219544644,0.03111606,0.925803941,0.616148486,2.318828344,0.415110409,0.03828898
s11,3MNNLBH,0.880626632,0.694102155,1.386201016,0.344396956,0.044577532,1.572981611,0.807949935,1.825121388,0.233667874,0.03473208,0.751295308,0.534308431,1.567018857,0.207257624,0.029309454,1.466692321,0.483120184,1.663806768,0.312444539,0.028992892
s11,3MNNLEH,1.011966565,0.742223856,1.718871493,0.351592512,0.049515042,1.383865731,0.971201419,2.027991648,0.328407179,0.045429038,0.673919723,0.587903057,1.946756989,0.208880792,0.030762205,0.581120206,0.490669045,2.484695621,0.40253719,0.034401089
s11,3MRSEC,1.819046662,1.280550865,1.097571706,0.322714673,0.039364102,3.184279229,1.763524997,1.548815393,0.393395065,0.039427656,1.97014734,2.022287761,1.11185455,0.258914232,0.035578355,1.328045873,1.272407892,1.099315763,0.310387407,0.031720597
s11,3MRSEC,1.465154281,0.892211001,1.939879747,0.287842724,0.033856119,1.813105262,1.045349391,1.974617949,0.282295324,0.038372433,1.006961556,0.875171443,1.953564615,0.223221238,0.032390397,1.225895927,0.791930724,2.224384766,0.304957586,0.031940936
s11,3MRSEC,2.856945889,1.88943327,1.144906314,0.306569699,0.038912319,4.885306562,2.187683302,1.822746654,0.432482145,0.034996805,2.930465597,2.993808977,1.060394677,0.229392178,0.033729429,1.830502606,1.64045087,0.992293707,0.245444448,0.027160149
s11,3MRSEO,0.918236137,0.732838398,1.317430198,0.279736577,0.073566993,1.39308611,0.956299259,1.291370907,0.354814444,0.091542614,0.898090837,0.806869207,1.465555277,0.186227274,0.03498877,0.750953274,0.560632507,1.415899653,0.261224475,0.041512555
s11,3MRSEO,1.626495497,1.268861509,1.379366412,0.331514185,0.038078004,2.49036163,1.664230023,2.349848962,0.635338134,0.13305766,1.678643995,1.79230247,1.612093861,0.285129389,0.035532357,1.226246511,0.996350894,1.732031896,0.314109823,0.031965321
s11,3MRSEO,2.449726882,1.659222407,2.125453778,0.471294376,0.042151557,3.96489934,2.531367671,2.135027884,0.807862454,0.174985537,4.085563236,4.110340901,1.67175451,0.340671542,0.045300554,1.757277539,1.514533983,1.728435328,0.3667826,0.032462157
s12,3MNLBH,2.537414836,1.138301803,1.75982732,1.254980788,0.048952934,2.800797565,0.864945801,1.081824831,0.728724089,0.062761098,3.004478932,1.274359887,1.801940835,1.01045849,0.056994563,2.566482593,1.15350037,2.039998078,2.403853538,0.0558601
s12,3MNLEH,1.066244547,0.640293827,1.271598002,1.061817688,0.048790949,1.824046585,0.558658792,0.810888841,0.6655931,0.055381401,1.528261819,0.772531194,1.443748087,0.783492498,0.056569351,1.517304487,0.768730543,1.798737912,1.88514359,0.053076538
s12,3MNMBH,8.457177016,1.543535119,1.778017978,1.292280504,0.071555823,8.911907946,1.757022252,1.18875832,0.715469902,0.079860554,10.05474604,1.932121665,2.109912101,1.041750293,0.081312922,8.572547916,1.643765038,1.970082501,2.005302806,0.073196725
s12,3MNMEH,1.479285669,0.594292494,1.29394605,0.985234444,0.042992487,0.965365262,0.501141682,0.8956614,0.559770008,0.059659111,1.351459861,0.854886346,1.861399122,1.016685461,0.064281372,0.901824617,0.555280355,1.166072984,1.473747834,0.045448184
s12,3MNNLBH,0.823876667,0.605419561,1.599229607,1.167564346,0.043625076,1.020889019,0.504306588,0.829099611,0.615229595,0.059616614,1.151540035,0.81440379,1.737626051,0.829687689,0.053106549,1.010317511,0.67916764,1.775474645,1.887699491,0.04643923
s12,3MNNLEH,0.832915715,0.607399056,1.464364151,1.134918648,0.047102233,0.894940589,0.509092534,0.874866238,0.604161037,0.04639783,1.264451588,0.928491432,1.532483919,0.927680242,0.056070077,1.105675281,0.694307959,1.451383347,2.199110914,0.050926118
s12,3MRSEC,0.914850185,0.59973452,1.200889076,0.94833389,0.046457569,1.147672838,0.484163573,0.764958461,0.498444438,0.056119585,1.561283392,0.899498107,1.291880702,0.778554064,0.054373372,1.067036704,0.639138043,1.220917465,1.782448162,0.049810031
s12,3MRSEC,0.949526428,0.58250061,1.112434386,1.106004855,0.049754312,0.956165027,0.494256214,0.731812626,0.515023581,0.045932688,1.407974837,0.860514894,1.349130804,0.805216781,0.058902173,1.020025005,0.666771532,1.389983939,1.852381585,0.05019662
s12,3MRSEC,0.821666496,0.612894075,1.298550178,1.148473331,0.048382829,0.817371018,0.47751645,0.852287461,0.579736798,0.048317701,1.305204348,0.923705851,1.563307244,0.928390117,0.057064881,0.994627789,0.608031164,1.417214195,1.948605444,0.050179644
s12,3MRSEO,3.978760136,1.061092338,1.076782723,0.653219805,0.045550446,9.851652982,2.06535085,1.238171649,0.505780723,0.061132625,5.431148148,1.476454526,1.395497695,0.543239839,0.054471868,2.904724516,0.913934176,1.042647705,0.873908181,0.043099287
s12,3MRSEO,0.886691054,0.565969714,0.947804194,0.649762858,0.048322119,1.063891132,0.484781905,0.709889692,0.420304679,0.060926467,1.281107154,0.715008328,1.225376647,0.597495648,0.054693573,1.044074314,0.568314415,0.965983245,0.930350847,0.048709505
s12,3MRSEO,0.90395916,0.558716225,0.877750191,0.749880943,0.050968896,0.855716786,0.43144337,0.659019408,0.402815011,0.048293194,1.308006239,0.828525183,1.090441012,0.596795834,0.053856686,1.089120857,0.596272137,1.010599159,1.048435705,0.047017815
s13,3MNLBH,1.186868475,0.728790378,0.882464125,0.567934018,0.123050701,3.202068833,1.636695202,1.251575326,0.980862577,0.340181502,1.446093673,1.033023925,1.825935432,0.563161725,0.072062564,1.101770807,0.742957962,2.37378372,1.387013535,0.064105218
s13,3MNLEH,1.400153934,0.841247571,1.300810902,0.590653829,0.055475939,3.503018718,1.813266315,1.593089285,0.78515098,0.146865819,1.943722513,1.200895441,2.559779724,0.755003417,0.075121135,1.932437569,0.989846738,3.502769391,1.725862419,0.061880877
s13,3MNMBH,0.821348271,0.702546921,0.643917968,0.380934683,0.068229341,2.085386191,1.814178153,1.562036533,0.965110072,0.3188059,1.550300834,1.083301549,1.165026122,0.484317265,0.081795752,1.005157206,0.63592867,1.754128003,0.892731951,0.065024851
s13,3MNMEH,1.586913081,0.751216778,0.722315993,0.436036771,0.08948971,169.6807746,24.50063817,6.774852698,2.853968749,0.477768074,2.024858052,1.228411107,1.288015774,0.506663603,0.078472323,1.304547467,0.665415024,1.574010168,0.841748562,0.073840204
s13,3MNNLBH,2.130311312,1.030002532,0.884776292,0.474344922,0.102627584,2.179223591,1.755457308,1.351150838,1.125774209,0.459154536,1.756519,1.11408178,1.287970033,0.541921815,0.08381082,1.78247309,0.805336799,1.903247394,0.952273636,0.069406051
s13,3MNNLEH,1.030871418,0.790379368,0.674838011,0.425606476,0.067605652,2.365370778,1.658241407,1.245613092,0.899188881,0.357281965,1.648030262,1.086068389,1.469922174,0.561994574,0.090745949,1.132019326,0.779666811,1.574761608,0.995563267,0.065869712
s13,3MRSEC,1.059734542,0.75804635,0.703214529,0.452305811,0.082800336,2.18948119,1.313188173,0.914558446,0.677408689,0.219144937,1.506061464,1.248846712,1.39540433,0.709223837,0.133115047,1.138620077,0.729143425,1.392995828,1.107279412,0.078975833
s13,3MRSEC,1.841432518,0.973225598,0.764579283,0.449395694,0.08185928,3.806363559,1.826951994,1.074198369,0.703472101,0.232496117,3.013629937,1.391324748,1.329250437,0.555301875,0.123551984,2.296196732,1.077428597,1.404816395,0.821689261,0.067028795
s13,3MRSEC,1.353182664,0.926382713,0.861493165,0.585481509,0.117979029,63.98017211,19.08116825,5.120218172,2.129501092,0.547878691,2.487955562,1.481012139,1.387279407,0.62019647,0.095847536,2.339929525,1.348697467,1.778103668,1.414721205,0.07447273
s13,3MRSEO,1.760283509,0.926378425,0.663195765,0.357926234,0.061118537,3.831056668,1.590536748,0.986859004,0.554882274,0.169993662,4.168573474,1.531461575,1.063462248,0.39657442,0.069583419,3.728144639,1.214115836,1.296624912,0.687348028,0.054344087
s13,3MRSEO,1.779918771,1.423841141,0.986080783,0.479854527,0.076165781,1.703374358,1.273518143,0.778806538,0.3666524,0.071601405,1.861026427,1.408964203,1.107464694,0.383797234,0.090243013,1.090545512,0.739679377,1.003581049,0.522876707,0.041651606
s13,3MRSEO,1.640181609,1.450828343,1.027106568,0.456185334,0.07849853,1.932677611,1.355573751,0.775944501,0.425867701,0.100142742,1.660704275,1.065976471,0.998551941,0.350229618,0.079556238,1.489841646,0.857319625,1.198877202,0.595491762,0.055196312
s14,3MNLBH,0.732499669,0.414951024,0.434443904,0.354538669,0.074885877,0.993770386,0.598111814,0.633390746,0.567819193,0.099715895,1.261060591,0.878641019,0.965523831,0.637741971,0.06376009,0.653325611,0.382164363,0.467181917,0.452838211,0.04839628
s14,3MNLEH,0.756011745,0.478104773,0.501637626,0.378208072,0.05646673,1.169791286,0.615033475,0.662206954,0.601600628,0.098665945,1.481461277,0.980974236,1.076330036,0.740208037,0.081104412,0.646722261,0.375270719,0.528246716,0.507830965,0.065186248
s14,3MNMBH,0.636663959,0.493152255,0.617544673,0.411173475,0.041076561,1.940291241,0.891946611,0.910538381,0.671785934,0.084492929,1.38639686,1.002597526,1.517397391,0.819574166,0.067354788,0.881303408,0.474994623,0.845812764,0.751761344,0.051027617
s14,3MNMEH,0.517602421,0.452863006,0.395420699,0.328722087,0.048784706,1.094594495,0.687058813,0.761758906,0.63364319,0.098737151,1.10322893,0.938768752,1.087832773,0.692724295,0.067627821,0.574125766,0.373024619,0.555998204,0.488471981,0.048728134
s14,3MNNLBH,0.714905556,0.47877316,0.504459969,0.442045289,0.078241855,1.261370206,0.738342497,0.674616469,0.595034778,0.091944597,1.43129391,0.904323537,1.325563843,0.710723041,0.067978529,1.023068926,0.465633927,0.620185195,0.604818916,0.059362513
s14,3MNNLEH,0.752522838,0.489486268,0.452280435,0.317226913,0.050274588,1.454875134,0.856103776,0.780246584,0.593882662,0.119529591,1.511956923,1.117047829,1.127273131,0.613199596,0.066091251,0.72552823,0.380595174,0.529990275,0.398545922,0.046477945
s14,3MRSEC,0.667025815,0.476086674,0.372374453,0.276260085,0.035819319,1.216517588,0.622979237,0.483750082,0.440778412,0.066542607,1.482604009,0.978432553,0.827956785,0.64340774,0.064962941,0.647641745,0.377587567,0.430484323,0.444534023,0.044772123
s14,3MRSEC,0.782162854,0.491816556,0.372049875,0.30261685,0.035519383,1.416969449,0.628588431,0.43852977,0.425383382,0.062990537,1.685151881,1.004627177,0.73226148,0.583068303,0.064460499,1.020033084,0.413630526,0.368548829,0.399202093,0.043174025
s14,3MRSEC,1.034424926,0.518628568,0.470754886,0.391400072,0.064340205,1.060003498,0.508188174,0.51578329,0.506419513,0.078177316,1.620801751,1.080937884,1.104563403,0.770768037,0.069399773,0.879944594,0.436344125,0.587913273,0.511963308,0.050113741
s14,3MRSEO,0.535868955,0.438176254,0.370291281,0.304674357,0.06438807,1.477881559,0.863758057,0.610066019,0.515015637,0.171549326,1.058180218,0.836577403,0.506176306,0.298763816,0.05064354,0.442061421,0.33094112,0.323552985,0.294349449,0.053717497
s14,3MRSEO,1.810424738,0.651996048,0.443938767,0.301723778,0.034079196,2.393107375,0.727213485,0.463229061,0.356315173,0.070968399,1.495212302,0.984503382,0.691175125,0.462312323,0.055214283,1.561360741,0.516778189,0.394429014,0.305921108,0.037924885
s14,3MRSEO,0.669870592,0.503368366,0.371582804,0.322261789,0.051224542,0.981497999,0.48989525,0.395968314,0.324578465,0.09654885,1.229969357,0.988874303,0.61724305,0.344417061,0.056075214,0.744465531,0.372225929,0.361971753,0.290458803,0.044379466
s15,3MNLBH,1.508063956,1.053944601,1.408376874,0.767022921,0.052850834,2.219842144,1.071775316,1.056035049,0.653296567,0.077559257,3.038567131,1.692230314,1.957839555,0.913719699,0.093513831,2.336944881,1.083442606,2.367424478,1.53499469,0.066167209
s15,3MNLEH,1.147688227,1.006492511,2.35317492,0.868763839,0.051323267,1.912664668,1.052131823,1.472476909,0.777595845,0.093660921,2.023043112,1.62250541,2.989995862,1.131301594,0.086847312,2.570873861,1.239364734,5.308188389,2.132835053,0.07502109
s15,3MNMBH,1.227417691,1.102832931,1.515124262,0.785011846,0.122737701,1.959788768,1.034042425,1.165587676,0.769349951,0.134949736,1.695259514,1.576884804,1.838599548,0.804528424,0.109078533,1.730273962,1.072931213,2.638611124,1.4589701,0.07117639
s15,3MNMEH,1.740716862,0.998056619,2.179942579,1.130164269,0.052158621,3.659792023,1.404361644,1.386699191,0.835479646,0.096321362,2.512684385,1.408939642,2.700148053,1.242343623,0.080806277,2.752106749,1.15444728,4.690641794,2.890745596,0.07358853
s15,3MNNLBH,1.443354883,0.745897521,1.443438294,0.910849386,0.050368326,1.937144943,0.853375695,1.039727237,0.726588048,0.087992763,2.634087889,1.443435478,2.188325796,1.178166632,0.069556919,2.298569309,0.971353222,3.401196908,2.71208885,0.0676131
s15,3MNNLEH,1.056937066,0.849978335,1.589550064,0.846686147,0.049716436,1.612017219,0.905184293,0.999111765,0.624492965,0.095401634,1.912839204,1.437105318,2.080380709,0.924814199,0.083122149,1.597437157,1.034148284,3.313646008,2.028755368,0.081643789
s15,3MRSEC,1.295928064,1.32307524,0.935706925,0.619501032,0.089937209,1.592351641,1.279673824,0.832240744,0.599952618,0.114074796,2.454970101,1.825074496,1.322878931,0.709922474,0.163989949,1.719841929,1.152831413,1.337089816,0.935725365,0.082825484
s15,3MRSEC,1.983024029,1.413285067,0.974177006,0.497840194,0.073878698,2.597009976,1.505264353,0.842250703,0.537787314,0.130164542,3.060700359,1.952051353,1.249876772,0.700501613,0.182460076,2.359454618,1.350344621,1.23321825,0.837855597,0.088084555
s15,3MRSEC,1.675319557,1.245665808,0.989469783,0.56838833,0.066041769,2.227402263,1.191864453,0.913616727,0.575953606,0.101085658,3.021292304,1.959925428,1.455373396,0.693231933,0.14645355,2.540813806,1.543648752,1.464675203,0.92185623,0.086677271
s15,3MRSEO,1.690501092,0.814388541,1.189714215,0.790916481,0.117140113,2.504641762,1.195811462,1.454461963,0.850379366,0.181692453,3.23961499,1.540695988,1.714899635,0.756866794,0.099377029,2.862219125,0.912440224,2.434133229,1.682390096,0.077813921
s15,3MRSEO,0.924109228,0.675054767,0.978034558,0.604804446,0.092640941,1.646170925,0.914385625,1.058376025,0.763669278,0.166230379,1.76706121,1.194469993,1.216562055,0.601734835,0.109473895,1.666819712,0.77347318,1.448019718,0.934475554,0.074086816
s15,3MRSEO,1.058098575,0.779764282,0.687382477,0.665460835,0.12178721,1.465665566,0.977432092,0.856158814,0.636687342,0.140517999,1.634076491,1.474246709,1.283613397,0.646302005,0.098474309,1.551888686,0.85306107,1.251466741,0.963428872,0.063287348
s16,3MNLBH,0.608579832,0.33536497,0.418173005,0.398778237,0.05330348,4.366722294,0.700113529,0.481051824,0.31910859,0.068059989,0.900484559,0.562249603,0.418976369,0.352487432,0.132115049,0.629456044,0.300173614,1.529341151,0.545057003,0.040491792
s16,3MNLEH,0.714148103,0.368886741,0.329319881,0.386911726,0.0621783,5.16057952,0.763496569,0.398196105,0.241895302,0.049256958,1.001343832,0.5314303,0.388831596,0.262369395,0.11846385,0.640413434,0.334472538,1.460258655,0.582435239,0.045875798
s16,3MNMBH,0.597624191,0.33264594,0.346560133,0.394485759,0.056548088,4.257075836,0.698132602,0.38409147,0.214609201,0.046560486,0.914822248,0.556856008,0.419371929,0.263157002,0.127360882,0.533736286,0.307879872,1.38468196,0.550774028,0.047172988
s16,3MNMEH,1.049833789,0.418279647,0.40348737,0.453887906,0.049628708,4.544851533,0.671180862,0.398647556,0.250266437,0.040229525,1.408038026,0.691909502,0.509526552,0.321966884,0.147625622,0.869759996,0.374687128,1.309039459,0.54767523,0.040700489
s16,3MNNLBH,0.722006507,0.325472879,0.360385334,0.409294559,0.046347333,4.394374237,0.991273896,0.650455842,0.380957048,0.096047161,0.997013543,0.576030257,0.470852013,0.328835696,0.126106904,0.652654877,0.361874273,1.450273046,0.599874134,0.039395722
s16,3MNNLEH,1.557816228,0.478578028,0.376704731,0.376288171,0.049350823,4.55901464,0.818876654,0.434297631,0.207689342,0.038455285,1.843799491,0.721200249,0.42723485,0.261918219,0.089550058,1.202083542,0.404428828,1.607913442,0.60179396,0.041274895
s16,3MRSEC,0.597666757,0.338850914,0.282805372,0.36316055,0.05220001,3.014457789,0.498237135,0.353826474,0.19863505,0.042913682,0.916747155,0.611294288,0.428982111,0.306874759,0.113669307,0.404290284,0.259950791,1.008088495,0.396897582,0.033264556
s16,3MRSEC,0.597666757,0.338850914,0.282805372,0.36316055,0.05220001,3.014457789,0.498237135,0.353826474,0.19863505,0.042913682,0.916747155,0.611294288,0.428982111,0.306874759,0.113669307,0.404290284,0.259950791,1.008088495,0.396897582,0.033264556
s16,3MRSEC,0.512407809,0.342248942,0.301552257,0.258076766,0.047276094,0.994641907,0.400850727,0.361732425,0.192697952,0.046152412,0.935150961,0.778353851,0.509551112,0.292409244,0.134057524,0.442907893,0.34445496,0.711641723,0.319183189,0.030633303
s16,3MRSEO,2.62922004,0.673743983,0.326267414,0.278513041,0.046473992,11.57930109,2.522522295,0.43332766,0.18827307,0.055559447,3.279213397,1.008891742,0.400792054,0.189562687,0.111078133,1.190180321,0.359665614,0.737894602,0.250175648,0.0299283
s16,3MRSEO,0.770957195,0.326885081,0.264388883,0.298581422,0.055593017,13.20611006,2.854877444,0.419963683,0.190610897,0.052655739,1.603550859,0.694221423,0.324637673,0.171341494,0.097446356,0.803097999,0.292643491,0.767409315,0.22824569,0.030878389
s16,3MRSEO,0.953009048,0.399552312,0.281163882,0.322978723,0.063362833,15.26924047,3.155769725,0.429954357,0.201476369,0.061473789,2.127450047,0.860389101,0.408808878,0.203650729,0.115162283,0.680166684,0.301755634,0.788270529,0.227964838,0.028869338
s17,3MNLBH,0.915975798,0.409650109,0.436127073,0.302687013,0.03424829,2.379638302,0.692571113,0.506662197,0.320279438,0.033491751,1.237783714,0.604936148,0.702529109,0.456834717,0.032642142,0.564303187,0.269133244,0.331823728,0.21817125,0.024942643
s17,3MNLEH,0.670999613,0.343957879,0.339540019,0.248479439,0.032108866,1.746755229,0.560332772,0.439004588,0.310007848,0.031294653,0.968284178,0.558904245,0.615183972,0.46927195,0.029813284,0.638196991,0.24538343,0.291563922,0.233518124,0.023749717
s17,3MNMBH,0.698819171,0.427483553,0.285624583,0.251579074,0.034188332,1.954295146,0.624661204,0.420349221,0.307194302,0.032844944,1.104883512,0.598288961,0.623182392,0.441161932,0.033923732,0.576905164,0.270417612,0.288789987,0.197494732,0.022513775
s17,3MNMEH,0.659132547,0.340976869,0.338485423,0.260130352,0.03585263,1.77333573,0.586940854,0.437651194,0.306326451,0.034539224,1.020885185,0.588818097,0.589479217,0.431248017,0.031830978,0.514863277,0.239565487,0.257447107,0.190179993,0.022761618
s17,3MNNLBH,0.828604104,0.420641039,0.305617731,0.257558561,0.036917834,3.042046464,0.69082109,0.35638913,0.288340004,0.035800616,1.128675533,0.597212704,0.508245017,0.413395008,0.033826886,0.613247458,0.269402788,0.229955463,0.212680017,0.025533057
s17,3MNNLEH,0.643689268,0.367515013,0.300501198,0.253531844,0.03740068,1.309940262,0.458540705,0.366879722,0.317533879,0.034112703,0.940733482,0.527677469,0.557988811,0.476134318,0.032767802,0.804214899,0.261949521,0.272637576,0.213906172,0.022798881
s17,3MRSEC,2.528365456,0.651738475,0.340094638,0.231873774,0.03383439,11.12292401,1.641603722,0.65263316,0.366996848,0.045205812,5.362513908,1.396086798,0.681531522,0.439877662,0.03810069,4.756618905,0.980615481,0.412491389,0.253864897,0.031618721
s17,3MRSEC,0.516299165,0.314684654,0.232609867,0.218278938,0.033182526,1.942047467,0.494843722,0.317353216,0.256121602,0.034639627,0.862864208,0.488051957,0.401171365,0.367888306,0.030283231,0.512394606,0.244202638,0.254246505,0.196745552,0.025211424
s17,3MRSEC,0.539298367,0.312769791,0.264162679,0.241053701,0.029867027,2.630609082,0.476544622,0.332678583,0.276933447,0.034807866,0.896757698,0.425514582,0.449326486,0.386022659,0.030171549,0.588051126,0.233367793,0.271020448,0.214521148,0.024781163
s17,3MRSEO,1.413465204,0.417187323,0.234114664,0.169397725,0.035475204,6.170108692,1.981312788,0.590378671,0.22259542,0.039287454,1.39455172,0.615626167,0.340364635,0.202717169,0.030712777,1.037040396,0.269037611,0.182280352,0.137615196,0.028006363
s17,3MRSEO,1.220559115,0.471853862,0.256869044,0.176624317,0.037006465,6.228403359,1.684372979,0.449288089,0.237191583,0.040739997,1.424811114,0.532512184,0.353192158,0.206474069,0.029261163,0.809711757,0.285245767,0.191516272,0.145953218,0.026818179
s17,3MRSEO,1.551598815,0.557015218,0.24246296,0.165636976,0.033607219,6.280400203,2.195899366,0.554913362,0.214551841,0.038540172,1.373202095,0.50469039,0.304458337,0.189468363,0.028589318,0.818482329,0.284583745,0.17290179,0.135955742,0.02455325
s18,3MNLBH,1.069413559,0.726829813,2.25804477,1.238920567,0.047082518,1.199575379,0.580309101,2.764022645,0.858523296,0.087565332,1.42234697,0.855338377,7.064819481,1.936464287,0.046220456,0.782111529,0.445811292,3.071177122,1.077432943,0.064036045
s18,3MNLEH,1.116885428,0.802919389,2.603621665,1.139211579,0.050842724,0.948651177,0.530947045,2.71511611,0.980623956,0.10315605,1.016360364,0.774959144,6.394166835,2.006835716,0.046175565,0.658339006,0.493875118,2.696893785,1.075427758,0.0855908
s18,3MNMBH,1.109652362,0.637880489,2.580308443,1.135353603,0.078033248,0.845298368,0.508139068,2.798831406,0.921860921,0.177237329,1.006856022,0.79797447,6.479941686,1.574923736,0.04731492,0.603040657,0.4579391,3.006178731,1.035089578,0.097475448
s18,3MNMEH,82.20153696,12.88819641,6.12496836,2.380165525,0.126455958,1.01581372,0.530865194,2.888018915,0.746792435,0.043397602,1.14183954,0.864273925,7.564981235,1.646794929,0.045546719,0.65135458,0.495204196,3.0764858,1.02204789,0.048848401
s18,3MNNLBH,1.02628906,0.716973445,2.493218815,1.216340144,0.047201002,0.983303324,0.496842405,3.244567934,1.056683504,0.044029871,1.213793672,0.776874441,7.999639039,2.29141502,0.046964746,0.725069086,0.524033405,2.725877967,1.041697509,0.044216122
s18,3MNNLEH,1.207758924,0.821288843,2.484096815,0.975404531,0.049918913,0.909189269,0.528759888,2.924657071,0.729332604,0.040843571,1.442592954,0.937398935,7.568698527,1.716608236,0.042810199,0.912313948,0.534304502,3.990537097,1.015277833,0.042672344
s18,3MRSEC,1.047860921,0.712838857,2.283746427,0.834922047,0.038053342,1.059725798,0.546628049,2.288995741,0.602641536,0.03202453,1.115386677,0.877870897,5.2445242,1.20393204,0.037417043,0.646929491,0.468845828,2.961571646,0.843820024,0.030869536
s18,3MRSEC,0.9163701,0.792209204,1.467740498,0.759335111,0.036435871,0.921248415,0.619280264,1.664804854,0.576043933,0.040312348,1.164213746,1.139594539,3.554398871,1.037586394,0.037109006,0.623880789,0.475730931,2.182668482,0.871957567,0.037583022
s18,3MRSEC,0.983002492,0.885927982,1.744017218,0.71381431,0.03773329,0.929438065,0.625229474,1.670737998,0.566569743,0.034390671,1.275685395,1.266289141,3.393132949,0.857826436,0.040267425,0.679622431,0.551836033,1.831545815,0.772343404,0.028506592
s18,3MRSEO,1.601873721,0.717876471,0.536114784,0.314288015,0.035046017,2.249285458,0.810725436,0.549701966,0.222825333,0.029257324,1.396285938,0.701162772,0.674943956,0.312159204,0.035492945,0.592633987,0.331505239,0.442900725,0.220939135,0.026879953
s18,3MRSEO,1.523862267,0.734816823,0.509689365,0.256593256,0.035545988,2.526415612,0.801273348,0.456900351,0.196531835,0.037128009,1.404731612,0.737432144,0.583024816,0.244945662,0.033978006,0.569950513,0.361630977,0.356644788,0.169619207,0.027463033
s18,3MRSEO,1.289027234,0.663545171,0.54961283,0.330731699,0.037989861,2.904458923,0.972152432,0.584196432,0.224226799,0.042618055,1.592000457,0.695998773,0.66130731,0.295015642,0.036316681,0.554719809,0.331285834,0.414860031,0.202550115,0.029745814
s19,3MNLBH,1.023254771,0.536543839,1.241849593,0.399996173,0.052856143,3.117713689,1.934924417,2.393816045,1.270296881,0.462472162,1.467696395,0.874497621,1.387475063,0.330486554,0.045869484,0.91097873,0.617803817,3.557601369,1.101495848,0.064887136
s19,3MNLEH,0.829847994,0.494845842,1.38942217,0.375206747,0.03568125,1.839639525,0.930937539,1.170635498,0.276359937,0.041920616,1.088280119,0.914779203,1.50594225,0.323429471,0.042675748,0.994637626,0.568783319,4.361399558,1.103642339,0.059594509
s19,3MNMBH,3.108662618,1.127185566,1.080458823,0.463368133,0.038502856,6.331225828,2.114963301,1.239439257,0.357969436,0.059388187,7.061412866,2.350238196,1.423030391,0.396116952,0.056541603,3.770419447,1.32621993,2.39819458,0.754655902,0.062926919
s19,3MNMEH,0.9218373,0.550471398,0.91492784,0.609673614,0.034277435,1.469764618,0.914924571,0.935740829,0.314989578,0.03911563,45374.7607,8549.532431,2420.51197,605.2883192,74.92353784,0.842868909,0.546737361,1.894094312,0.932691414,0.049513257
s19,3MNNLBH,1.289578184,0.626156781,0.946728727,0.502937842,0.037219184,2.424706393,1.123813552,1.035702402,0.335278263,0.073252091,1.573933981,1.03195227,1.218592091,0.321311018,0.042329381,1.627427244,0.770443333,2.917010273,0.885500533,0.059007966
s19,3MNNLEH,0.86151264,0.498312984,1.119690966,0.633320359,0.035084811,1.572749348,0.842027633,1.008816835,0.313131615,0.042483754,1.056041392,0.782152469,1.28773213,0.365995919,0.03961228,0.937038172,0.585845258,3.001736977,1.150249642,0.060974547
s19,3MRSEC,2.35106756,1.256439232,1.212302035,0.448821107,0.04849539,2.389190285,1.17530563,0.866602682,0.250374737,0.04402389,1.892058652,1.200559543,0.968561366,0.262876543,0.04414026,1.660123808,0.874368077,1.821360231,0.465143767,0.034079098
s19,3MRSEC,1.040502935,0.609403085,0.856409797,0.441052302,0.033216121,1.589567895,0.943340411,0.72871478,0.2473637,0.039347794,1.067750366,0.827477743,0.907086656,0.284284805,0.037522458,0.686941744,0.460534408,1.385026657,0.628035209,0.035947524
s19,3MRSEC,1.036101679,0.695236845,0.686138979,0.484667453,0.035240514,1.463145064,0.882666242,0.767678095,0.271940172,0.046695751,0.889488053,0.811832696,0.729999387,0.25536232,0.037126593,0.672627193,0.486136872,1.3982358,0.607674648,0.036646103
s19,3MRSEO,1.270223942,0.627674593,0.663900247,0.261743064,0.038196396,1.839398171,1.20325557,0.579984729,0.229941569,0.078571927,1.218551483,0.965471762,0.589040418,0.178639942,0.037651241,0.72309918,0.443405076,1.23958881,0.301552331,0.036722579
s19,3MRSEO,33.83529051,8.304822213,2.903436013,0.841650317,0.112394858,2.238750404,1.433892003,0.686644806,0.289259837,0.112831762,2.588023485,1.268384438,0.616661257,0.186989186,0.047592127,1.055949582,0.711720801,0.825282322,0.299575558,0.043615898
s19,3MRSEO,1.517845775,0.737260848,0.570507132,0.284966873,0.082543916,2.522087018,1.342246995,0.65926154,0.337242664,0.154395576,1.781863949,1.097450229,0.600114341,0.196046247,0.064047701,0.943095854,0.536525998,0.912601995,0.308726925,0.054526711
s20,3MNLBH,0.664336766,0.391465689,0.316651532,0.150539171,0.031513619,0.798950288,0.356761678,0.327613777,0.148069589,0.032652509,0.704180537,0.317327258,0.318633158,0.136717193,0.031074442,0.584138272,0.283130846,0.467493148,0.20585465,0.030644799
s20,3MNLEH,2.596618855,0.759471906,0.491473937,0.197490534,0.045189468,2.787726619,0.834699364,0.586284325,0.18656493,0.048270261,3.093317575,0.830672687,0.536634676,0.198101749,0.045091839,2.902521098,0.771603598,0.864722521,0.23709832,0.047431899
s20,3MNMBH,2.370836311,0.722885702,0.497854202,0.172311076,0.040223394,2.525446424,0.788238129,0.657466595,0.178956043,0.037909349,2.498572199,0.762693072,0.588637714,0.162686411,0.041440621,2.047326218,0.749916221,1.026515823,0.235082011,0.048032497
s20,3MNMEH,0.663191866,0.384658,0.396717235,0.161435983,0.035696165,0.725383036,0.406621271,0.537961142,0.15497348,0.033248201,0.657646901,0.336293803,0.446553932,0.148901076,0.035918901,0.627566169,0.357016671,0.830174887,0.203086155,0.036198945
s20,3MNNLBH,0.958800742,0.402300686,0.378993432,0.182105841,0.038210573,0.73663879,0.372673913,0.389478983,0.142941248,0.03625246,0.467435272,0.306296132,0.373887893,0.128416413,0.032934489,0.517837159,0.341786004,0.612599866,0.233537057,0.049296936
s20,3MNNLEH,0.826522648,0.402814165,0.371645765,0.151896638,0.034945829,0.832633276,0.380851838,0.389745182,0.139680617,0.03286814,0.767546745,0.366022111,0.356860583,0.134872408,0.032119052,0.670193702,0.371216937,0.705445842,0.212091177,0.043712662
s20,3MRSEC,1.107251407,0.68582573,0.552498322,0.21628309,0.047111747,1.046721941,0.476731165,0.504181487,0.161592154,0.036340331,0.585140679,0.359375934,0.395196692,0.132914803,0.02941877,0.566086435,0.38557738,0.863179751,0.185367587,0.033655055
s20,3MRSEC,1.243736503,0.646515056,0.498235123,0.200550788,0.043567279,1.265597216,0.503047564,0.419768744,0.148892573,0.033789417,1.311958406,0.368982307,0.336450818,0.128333967,0.032095883,0.568405499,0.323675816,0.489406599,0.190094863,0.035746041
s20,3MRSEC,1.153589723,0.59935515,0.480852349,0.195987896,0.041507701,1.027152193,0.43294807,0.380581497,0.147102963,0.036167662,0.463310204,0.317475768,0.323275864,0.134295459,0.030630482,0.516771844,0.341706551,0.469780029,0.193268751,0.034757454
s20,3MRSEO,4.176564308,0.960336606,0.581290281,0.280345094,0.062711022,11.79663846,0.969582357,0.518449913,0.255090896,0.063067548,1.842679256,0.38695956,0.233001328,0.114219938,0.030668789,1.437446114,0.466198194,0.399692249,0.174291048,0.045016548
s20,3MRSEO,23.94755375,4.827507703,1.465736065,0.497506676,0.097945476,18.81160199,3.445159587,1.098649439,0.353375004,0.071369084,25.4345412,4.818207561,1.330868301,0.399495375,0.064358585,18.82588205,3.827668679,1.216203528,0.394309383,0.069078773
s20,3MRSEO,2.134581633,0.792746028,0.473584077,0.244923749,0.055118167,2.91851116,0.747237844,0.388483136,0.172826098,0.047853958,1.047615734,0.34844185,0.236172565,0.113789231,0.030547686,0.76335272,0.449991058,0.329430764,0.157371537,0.039802317
