Subject,Experiment,T7_mean,T7_std,T7_var,T7_skew,T7_kurtosis,T7_ptp,T7_rms,T7_zcr,F8_mean,F8_std,F8_var,F8_skew,F8_kurtosis,F8_ptp,F8_rms,F8_zcr,Cz_mean,Cz_std,Cz_var,Cz_skew,Cz_kurtosis,Cz_ptp,Cz_rms,Cz_zcr,P4_mean,P4_std,P4_var,P4_skew,P4_kurtosis,P4_ptp,P4_rms,P4_zcr
s01,3MNLBH,366.1202989,20.38639158,415.6049617,2.298921773,87.11372857,912.4850807,366.6874394,0,-1269.034018,60.09763437,3611.725657,-6.9130456,58.17644195,1248.120605,1270.456243,0,437.4435895,19.80752482,392.3380395,1.911780806,93.02368084,923.0933151,437.891804,0,499.6887446,17.02420427,289.8235312,1.453608532,73.05261841,750.2295685,499.9786646,0
s01,3MNLEH,442.7922149,18.02740434,324.9873074,0.582410336,3.511763651,281.8631897,443.1590379,0,-1208.313119,100.4320495,10086.59656,-5.372799068,48.58892469,1700.917725,1212.479769,0,458.490707,14.82819868,219.875476,0.541389248,3.917655816,280.7337036,458.7304262,0,344.4995464,18.16885223,330.1071914,1.929142229,10.23057482,249.9300232,344.9783249,0
s01,3MNMBH,354.8433147,13.85144434,191.8625102,0.173850882,9.707434947,331.4000397,355.11356,0,-1244.244526,33.73113032,1137.789153,-8.493330776,160.0552126,1173.361755,1244.701663,0,453.1655602,13.03358047,169.8742199,0.125444879,11.5892186,330.1807861,453.3529521,0,505.6652925,10.7355488,115.2520081,0.220714222,12.40709593,254.6853333,505.7792404,0
s01,3MNMEH,402.0546182,14.61209364,213.5132805,6.198129366,236.3488487,797.687027,402.3200582,0,-1236.403327,94.87213788,9000.722547,-17.20304542,320.4341821,2674.447449,1240.037867,0,441.6592803,13.85057916,191.838543,8.249798859,322.211928,787.8136597,441.8764062,0,486.0498406,13.5148044,182.649938,4.71739002,168.1632918,655.0696411,486.2376965,0
s01,3MNNLBH,360.6292521,17.03860795,290.314161,1.103096734,62.81025745,590.7732849,361.0315383,0,-1259.892419,51.04267159,2605.354323,-2.882526148,87.58891035,1261.700134,1260.925955,0,447.8803956,16.89710322,285.5120972,0.932447354,62.73885539,567.477478,448.1990192,0,502.0776318,14.78010012,218.4513596,0.833304601,43.27978257,451.6882629,502.2951321,0
s01,3MNNLEH,418.2840846,16.04931115,257.5803883,1.175499541,15.64491056,435.2907104,418.5918726,0,-1230.949796,102.9694394,10602.70545,-5.148883972,50.26891303,2181.031052,1235.249006,0,443.3900117,13.58738907,184.6171419,1.373067407,21.51666998,413.0233154,443.5981511,0,442.3886228,21.9431581,481.5021872,-0.173174866,2.163258354,299.0835266,442.9324957,0
s01,3MRSEC,506.4592319,11.69286044,136.7229852,0.933246959,15.76650752,322.9384766,506.5941932,0,-989.6307505,15.57563931,242.60054,0.135089452,3.387291893,299.2593384,989.7533142,0,374.7772271,10.68515944,114.1726322,0.838384219,13.81993584,288.4342041,374.9295168,0,364.8666635,10.35876997,107.3041152,0.22732944,10.9780672,270.1984253,365.0136795,0
s01,3MRSEC,498.771544,13.66329304,186.6855768,0.177367806,1.460841178,178.5353699,498.9586543,0,-988.1280282,16.32439682,266.4859317,0.184346385,0.931931883,203.5795898,988.2628628,0,364.3929081,12.01511146,144.3629035,0.185731432,1.688144626,161.4795227,364.5909412,0,378.6466761,12.01568088,144.3765869,-0.378099687,1.993669724,177.0935974,378.8372763,0
s01,3MRSEC,490.9286425,18.98381241,360.3851338,-3.014128371,144.3438236,817.2579155,491.2955497,0,-981.7181522,21.99983713,483.9928338,-3.112754777,100.2899823,810.8253174,981.9646242,0,350.7035725,16.77650894,281.4512521,-4.887186243,168.5814785,746.5139694,351.1046098,0.000102633,394.829366,17.40152054,302.8129171,-5.1230488,184.0545824,783.1126328,395.2126531,0.000153949
s01,3MRSEO,528.3453791,13.30191824,176.941029,0.075046409,-0.3397247,168.9985657,528.5128009,0,-1013.947444,20.30320867,412.2202822,-0.306534214,8.829679799,324.5223389,1014.150699,0,427.4127423,14.9166735,222.5071483,0.036759075,-0.369625086,136.2296143,427.6729585,0,336.2934552,7.816899043,61.10391065,0.023521586,0.973928726,134.1651611,336.384292,0
s01,3MRSEO,512.7149129,15.84777007,251.1518162,1.471590213,18.84882412,364.1016846,512.9597779,0,-996.7046119,41.52211694,1724.086195,15.76172825,333.9913653,1241.082062,997.5691302,0.000588094,394.1477669,14.85862912,220.7788593,1.605490988,21.72996373,354.5799255,394.4277386,0,331.8862488,14.31197382,204.8325946,1.085970894,17.87804721,323.3237152,332.194694,0
s01,3MRSEO,506.9083439,13.46611152,181.3361594,0.326225065,2.407550743,301.3312073,507.0871772,0,-991.3892389,50.0630825,2506.312229,14.84461349,403.3884285,2269.58075,992.6524746,0.000378102,385.8949135,12.28411737,150.8995397,0.375832639,2.622891441,253.9691467,386.0903829,0,349.0182931,12.22382466,149.4218893,0.516786798,8.493652466,330.9138489,349.2322877,0
s02,3MNLBH,378.8531901,26.59600602,707.3475364,14.97372771,275.297027,762.9638672,379.7855806,0,-1029.308071,145.0919119,21051.6629,14.85059232,232.2251428,2724.722778,1039.483895,0.000149686,526.3773831,8.199037895,67.22422241,0.050397468,2.131541793,132.4354553,526.4412348,0,221.2196808,10.47292699,109.6821997,-0.051985999,1.390394209,160.7128448,221.4674454,0
s02,3MNLEH,420.7645236,15.7059807,246.6778298,0.664957193,9.065107884,279.6734619,421.057552,0,-1024.317976,18.63888034,347.4078605,0.992724074,12.81088584,400.1019897,1024.487542,0,517.5878551,15.80478027,249.7910794,-0.387014185,3.460529655,230.8789673,517.8291019,0,177.2753231,14.72178197,216.7308645,0.161787872,10.97657993,274.9462357,177.885556,0
s02,3MNMBH,366.2540432,11.27942386,127.2254027,0.20385772,2.655441554,166.8575134,366.4276867,0,-1042.810976,13.73511688,188.6534357,-0.831117461,7.426052815,208.192749,1042.901426,0,514.3443081,8.917734103,79.52598153,0.198716444,2.662489418,140.0816956,514.4216104,0,237.6960072,10.96259049,120.1783902,0.886138379,10.17260773,202.9774628,237.9486714,0
s02,3MNMEH,395.8313302,33.47967547,1120.88867,-3.940431712,71.38199376,924.1180573,397.2446735,0.000177896,-1035.129304,32.44322635,1052.562936,-3.990274893,71.33283696,901.1774902,1035.6376,0,538.3630271,28.14411509,792.0912144,-3.694648981,67.99296557,784.8030586,539.098173,0,204.2692196,33.50133812,1122.339656,-4.531085759,82.5169818,942.6249695,206.9981974,0.000333556
s02,3MNNLBH,373.7350578,11.70870475,137.0937669,0.173729215,6.102506391,294.2516174,373.9184232,0,-1040.233991,13.18589584,173.8678491,0.4768559,2.896065654,251.6615601,1040.317559,0,524.4038791,9.476731031,89.80843103,0.187353439,7.780468664,251.2801208,524.4895011,0,232.5808677,11.42153148,130.4513812,-0.159426635,5.935304007,283.6919861,232.8611419,0
s02,3MNNLEH,406.0509693,28.77040936,827.736455,-13.47843312,228.3903499,617.5940018,407.0689451,4.82E-05,-1032.701859,14.49081113,209.9836073,0.619021374,5.307204478,336.5535889,1032.803521,0,532.6719137,10.50320884,110.317396,0.052761447,12.00281913,321.7884827,532.7754546,0,192.2657856,11.52389302,132.8001104,-0.020100489,10.49090216,338.1336975,192.6108316,0
s02,3MRSEC,402.5439786,12.80986144,164.09255,-8.554986839,177.7242127,416.2695503,402.7477464,0,-728.4523337,41.70824693,1739.577862,-20.86438448,522.8641017,1461.444336,729.6453798,0,405.6042685,9.511660049,90.47167689,-4.64953255,65.64639775,248.282608,405.7157802,0,156.1510097,13.62589485,185.6650103,-2.983753383,38.76037589,359.8942947,156.744387,8.26E-05
s02,3MRSEC,547.5452622,13.90596682,193.3759132,0.402920529,0.610576738,161.2009277,547.7218181,0,-737.4627945,10.72509386,115.0276383,0.023054423,-0.038856753,118.3322754,737.5407791,0,374.6128032,9.099469063,82.80033723,-0.305419561,1.467769463,114.5363159,374.7233015,0,124.9336938,14.48615213,209.8486037,0.006879648,0.264402698,171.8857956,125.7707297,0
s02,3MRSEC,534.2590098,13.22881738,175.0016094,0.07329246,-0.540129556,108.3710632,534.4227644,0,-733.4201531,10.07321736,101.469708,0.182502203,-0.113675585,99.6496582,733.4893255,0,389.4756252,8.574376851,73.51993839,-0.116764976,0.295098789,91.89868164,389.569997,0,122.0999967,13.7884663,190.121803,0.047774943,-0.545298945,120.3649483,122.8760798,0
s02,3MRSEO,518.3744441,17.93703552,321.7372434,-0.12156625,2.933051219,310.5874634,518.6846842,0,-757.1367242,16.54591906,273.7674375,0.265227015,3.206479354,327.4506836,757.3174939,0,381.5229679,17.9470818,322.097745,0.009541726,3.933436551,364.2681274,381.9448557,0,165.6557048,23.54318682,554.2816456,0.341673792,6.624743794,512.6991544,167.3203341,0
s02,3MRSEO,476.0725122,13.06605632,170.7218277,0.788907498,2.040679349,161.402832,476.2517807,0,-746.1129055,11.54823004,133.361617,0.186785136,1.591160387,146.0094604,746.202271,0,403.7388137,9.174074169,84.16363685,-0.29360495,0.295721582,97.12145996,403.8430306,0,147.7487378,13.63040712,185.7879983,0.421057031,1.273070058,152.3055496,148.3761353,0
s02,3MRSEO,440.2518687,11.55591363,133.5391399,10.628199,455.0522537,684.0931702,440.4035048,0,-730.2988583,76.09581537,5790.573117,17.5603061,325.0267224,1622.774353,734.2526782,5.50E-05,407.3640479,7.736699297,59.85651601,-0.432738646,2.001942782,119.207428,407.4375094,0,147.6639064,11.43631637,130.7893321,-0.064187171,0.699629416,141.7983093,148.1061058,0
s03,3MNLBH,362.5727699,71.85064929,5162.515803,19.26275715,378.9485171,1701.60585,369.6234967,0,-460.8192471,10.92093633,119.2668503,-2.29793528,53.06998808,415.6057129,460.9486364,0,430.5158532,8.388510923,70.3671155,-0.468939418,10.37369305,255.9344788,430.5975696,0,-2.859508797,7.230698427,52.28299974,-0.925164418,27.50415972,253.8307495,7.775589386,0.275640881
s03,3MNLEH,344.43073,6.04058958,36.48872247,0.029243011,0.785369518,96.7250061,344.4836955,0,-386.9801323,8.233058676,67.78325516,0.283863681,2.547335185,153.4518433,387.0677022,0,334.9047916,7.466528743,55.74905147,-0.135336849,0.106799047,63.9447937,334.9880125,0,28.70278552,6.082518784,36.99703475,0.071474565,0.888466322,88.23919678,29.3401931,0.000361052
s03,3MNMBH,345.147233,9.357860973,87.56956199,1.620687788,36.56442068,309.4617615,345.2740679,0,-475.012267,7.847957744,61.59044075,2.387744655,64.53421217,309.2336578,475.0770929,0,448.635078,8.860812573,78.51399946,0.647724489,22.35403735,286.8708801,448.7225726,0,-26.34317095,6.659508193,44.34904937,3.577559348,104.0846446,291.1474686,27.17189182,0.000269239
s03,3MNMEH,268.5855004,28.70418077,823.9299939,-0.189976943,-1.131482635,165.2867432,270.1149774,0,-363.0368921,10.05812859,101.1659508,-0.011552273,0.28450806,128.8227234,363.1761983,0,366.5122962,8.001981003,64.03169997,0.021725578,-0.23998117,61.51760864,366.5996386,0,29.85930391,7.906949555,62.51985127,-0.037041524,-0.218409154,68.10918808,30.88847489,0.000407572
s03,3MNNLBH,352.3110423,7.07108684,50.0002691,0.039692756,0.759422904,99.24572754,352.3819956,0,-425.0546265,12.48654542,155.9138165,0.110201514,-0.460070686,102.0936584,425.2379914,0,415.2126111,7.983166699,63.73095054,-0.200436988,0.000342072,69.87442017,415.2893489,0,15.77717901,6.329693432,40.06501895,0.064290106,0.244255427,64.05139828,16.99954106,0.010396975
s03,3MNNLEH,355.506476,8.15785619,66.55061761,-1.12272172,30.73153125,277.2294464,355.6000634,0,-390.6604971,8.486029886,72.01270323,-0.699502879,24.59917835,280.2550354,390.7526541,0,321.2856722,8.456391931,71.51056449,-0.526568296,15.49532992,244.5296326,321.3969411,0,36.76900818,8.417130081,70.8480788,-0.883681876,38.05391862,313.0913315,37.7201278,0.000897666
s03,3MRSEC,341.0992211,47.87153442,2291.683808,18.49897681,369.5976773,1837.861664,344.4421032,5.42E-05,-413.8738233,42.1651196,1777.897311,17.09303547,353.6006129,1490.462341,416.0161523,0.000216755,246.3966787,13.23767591,175.2360636,20.01227772,1321.822868,1176.033958,246.75202,5.42E-05,256.3246505,48.45333028,2347.725215,17.82556506,353.3086808,1889.734055,260.8640483,5.42E-05
s03,3MRSEC,339.4039542,13.69748057,187.6209741,8.999733019,384.930165,730.4997253,339.6802395,0,-420.2935894,36.36630808,1322.508363,11.86721464,156.916676,847.2612152,421.8639705,0.000484796,253.7108004,12.36811923,152.9703734,6.464965808,291.8562406,632.3459954,254.0120875,0,204.9817437,39.95721252,1596.578832,9.386552082,114.1075606,824.2533646,208.8398767,0.000107733
s03,3MRSEC,346.14336,5.261579426,27.68421806,-0.021387071,8.354359785,180.266922,346.1833472,0,-399.4243106,21.72370342,471.9192905,20.10709586,434.299975,590.9808655,400.0146237,0.000110275,271.6884068,5.768558491,33.27626707,-0.060967738,0.730639248,96.89707947,271.7496396,0,123.7875534,8.24596575,67.99595115,0.115280612,-0.1178908,125.3502274,124.0618972,0
s03,3MRSEO,346.3798476,10.45151041,109.2340699,6.841735553,290.7854273,607.4663696,346.5374913,0,-399.2015694,11.5594264,133.6203386,3.401061349,120.7668788,541.2645073,399.3688939,0,283.9621723,10.35270547,107.1785105,4.396072744,164.2393348,529.40905,284.1508293,0,97.284593,10.76599425,115.9066321,6.695786119,321.2378434,649.7552643,97.87848929,5.53E-05
s03,3MRSEO,351.2461775,7.838343647,61.43963112,0.232381498,6.479311034,165.827179,351.3336261,0,-396.5515985,9.606565086,92.28609275,0.301682903,8.839702274,284.7522278,396.6679422,0,302.2285422,7.64938534,58.51309608,0.291627907,2.340998278,98.47903442,302.3253294,0,65.99850107,7.809883673,60.99428298,0.375597865,5.70522497,155.0749578,66.45898304,6.82E-05
s03,3MRSEO,359.9263032,7.845396599,61.5502478,-0.070740691,5.930740937,145.8616943,360.011797,0,-393.7907757,10.87844527,118.3405716,1.168082558,7.647636688,163.5944519,393.9410052,0,310.7740704,6.945655797,48.24213445,-0.138834498,1.634275375,105.0687561,310.8516768,0,51.38060888,6.510650107,42.38856481,0.329996698,6.843559358,133.5967135,51.79146198,0
s04,3MNLBH,134.2338645,8.440549693,71.24287913,0.174952419,0.387865119,99.8235321,134.4989712,0,224.3378468,9.259780947,85.74354319,0.145757455,0.420527961,83.84855652,224.5288691,0,346.9212939,8.383449033,70.28221768,0.014297074,-0.098157099,81.39141846,347.0225733,0,-186.1650203,7.863834697,61.83989614,0.04192489,0.098597819,71.93696594,186.3310352,0
s04,3MNLEH,151.9168465,12.34180164,152.3200677,-2.221649253,18.93489087,204.4547272,152.4173491,0,167.8044377,6.788055819,46.07770181,0.027102085,0.904208516,82.61065674,167.9416774,0,321.2276475,9.262814076,85.7997246,0.023105672,0.005196826,88.95913696,321.3611695,0,-202.0726702,7.618710796,58.04475419,0.007565689,0.878423299,100.7865601,202.2162427,0
s04,3MNMBH,131.4491716,9.956122426,99.12437377,0.334777711,0.85451669,103.6008377,131.8256769,0,233.7108756,8.296217787,68.82722957,0.271464683,0.980985317,80.01702881,233.8580779,0,344.6509534,7.317072154,53.53954491,0.002615212,-0.093394675,67.80062866,344.7286168,0,-191.921194,7.038341361,49.53824911,-0.044719872,0.153680438,60.337677,192.0502095,0
s04,3MNMEH,142.3466635,7.775535528,60.45895275,-0.365774305,9.168425565,205.4401836,142.5588705,0,179.1307088,7.277692792,52.96481237,-0.290834019,4.831678253,156.8102722,179.2784863,0,324.7224068,9.547137635,91.14783702,0.032024118,1.318059576,163.0315857,324.8627238,0,-210.4090093,7.207937839,51.95436789,-0.334055244,6.340269866,169.6568298,210.5324335,0
s04,3MNNLBH,138.7221668,7.355883299,54.1090191,0.068233244,0.915046416,95.92469025,138.9170565,0,213.3122955,7.364440345,54.23498159,-0.440282864,1.439671644,99.57858276,213.4393834,0,346.3472925,8.954015392,80.17439164,-0.024049623,0.144676769,111.9277039,346.4630159,0,-185.5532465,7.502889175,56.29334597,-0.234115551,1.13651404,101.755188,185.7048751,0
s04,3MNNLEH,160.3607476,9.803690629,96.11234995,0.186263466,0.348028515,96.92137909,160.6601436,0,158.0826836,7.435767498,55.29063829,0.098691815,0.091303645,66.60201263,158.2574659,0,318.3535004,9.083244736,82.50533494,0.049910254,-0.199491278,71.25259399,318.4830553,0,-191.7966658,8.269835021,68.39017128,-0.012612664,0.029456119,68.78611755,191.9748712,0
s04,3MRSEC,93.28978996,9.368350911,87.7659988,0.248572427,0.690872524,84.9948349,93.75900442,0,121.7773302,6.190142407,38.31786302,0.029920819,0.008604688,53.37397766,121.9345563,0,341.848757,8.644776387,74.73215879,-0.054185917,-0.175151888,64.06072998,341.9580454,0,-122.5057777,6.345919606,40.27069565,-0.012371073,-0.024574091,53.12341309,122.67003,0
s04,3MRSEC,93.74340617,6.501536244,42.26997354,-0.013749724,0.028310449,56.42013168,93.96859142,0,114.7088704,5.802912551,33.67379407,0.030794836,0.084869962,49.21708679,114.855556,0,348.5186818,8.430609096,71.07516973,0.036559459,-0.06012003,64.07009888,348.6206344,0,-114.6823441,5.97084777,35.65102309,-0.00873061,0.024171827,58.78748322,114.8376727,0
s04,3MRSEC,186.535286,8.577393437,73.57167817,0.05189893,5.926628454,171.2350464,186.7323876,0,172.1469205,6.71861896,45.13984073,0.167900392,11.28681614,157.9696274,172.2779791,0,356.9823434,5.817337724,33.8414182,-0.198501085,20.21829858,156.0286255,357.0297395,0,-78.22685286,8.35297754,69.77223378,-0.014069088,4.427213731,170.262681,78.67154976,6.68E-05
s04,3MRSEO,129.687539,9.11089851,83.00847166,-0.065869288,3.176171546,192.2252522,130.0071776,6.38E-05,70.23147689,7.931884805,62.91479656,-0.635714915,9.045878414,185.5345688,70.67796788,6.38E-05,382.2098175,10.90614858,118.9440768,-0.54152093,2.064846077,194.280304,382.3653863,0,-51.1961861,8.366416086,69.99691812,-0.071026387,1.788363213,143.3896399,51.87529652,0
s04,3MRSEO,114.9227509,9.568333346,91.55300303,0.157054577,0.584215595,88.88432312,115.3203871,0,83.74696013,7.489096035,56.08655941,0.323877165,1.121712207,77.75812912,84.08115063,0,369.7536506,9.167401612,84.04125231,-0.226357649,0.354309194,86.81054688,369.8672781,0,-68.86168771,7.219996363,52.12834749,0.090607872,0.08973378,72.57837296,69.23915353,0
s04,3MRSEO,97.37611266,5.901955363,34.83307711,-0.038057214,1.008824662,85.2697258,97.55480713,0,96.20852736,5.706123252,32.55984256,0.095952464,0.601097739,68.66830444,96.37759377,0,358.9771941,8.680640997,75.35352812,-0.162021748,0.252548004,84.5479126,359.0821347,0,-89.76399224,6.849567401,46.91657357,-0.122731924,0.453390164,75.88443756,90.02494585,0
s05,3MNLBH,-176.8790044,19.33925147,374.0066476,7.399658104,200.5145912,844.9593201,177.9331022,0.000109481,-151.5692726,36.31756411,1318.965463,11.28030124,151.7483156,903.8478088,155.8595838,0.000109481,247.4694898,11.46532812,131.4537488,-0.94804582,27.62278073,369.2365913,247.7349433,0,-50.57134914,13.17028922,173.4565182,-0.618766246,24.13401086,410.1922302,52.25818473,0.001259032
s05,3MNLEH,-188.003193,27.51516473,757.0842902,14.86053765,263.4721679,704.7112122,190.0060127,4.99E-05,-117.4541188,67.31049248,4530.702397,13.69200857,195.2144304,1244.360046,135.374194,4.99E-05,236.2130507,10.3665299,107.4649421,0.073289528,0.224763172,91.34892273,236.4404159,0,-39.06723311,13.89785216,193.1502946,0.469240886,2.454092448,198.5194969,41.46563634,0.03165977
s05,3MNMBH,-174.6695379,10.10858968,102.1835852,0.142068422,0.533965713,143.7019119,174.9617989,0,-165.531637,10.33273663,106.7654462,0.060069773,0.104165663,87.65577698,165.853816,0,245.9946967,8.734044074,76.28352589,0.018017025,-0.0247216,74.49880981,246.149699,0,-52.0960022,9.662168923,93.35750829,-0.005136086,0.203178433,113.4292946,52.98444067,4.49E-05
s05,3MNMEH,-184.6999938,11.04283148,121.944127,-0.015607961,3.343945233,188.1076202,185.0298134,0,-136.7443833,12.99900608,168.974159,-0.486525883,3.411868331,208.5050316,137.3608406,0,237.5084957,9.6704315,93.51724539,-0.062837029,0.238632318,85.17062378,237.7052856,0,-37.01439921,13.59997007,184.959186,0.108029557,1.464067335,163.2877693,39.43380447,0.019751997
s05,3MNNLBH,-188.1560812,10.93109382,119.4888121,-0.024937921,0.212758905,129.993309,188.4733395,0,-139.0836656,11.24610583,126.4748963,0.160635587,0.38743432,129.5688324,139.5375968,0,244.3502902,8.940623336,79.93474564,0.056870228,0.0791146,83.40164185,244.5138013,0,-27.10229578,13.66474811,186.7253409,0.134032421,-0.191373804,131.1769943,30.35226149,0.029514116
s05,3MNNLEH,-204.4224533,12.27414017,150.6545169,-0.050121957,0.982337693,206.0423203,204.79061,0,-100.3993794,13.67676613,187.0539318,0.214484009,0.770963712,226.881031,101.3266467,5.36E-05,225.8340134,10.47891932,109.8077501,-0.096826473,0.110364577,92.76074219,226.0769987,0,-41.12699081,12.58023677,158.2623571,0.166175509,0.902374264,132.5327034,43.00804262,0.008151008
s05,3MRSEC,-158.358094,11.91733954,142.0229818,-0.1850669,1.273065894,171.9044952,158.8058844,0,168.8010893,14.07975327,198.2394521,0.358053044,0.987320486,189.5231781,169.3872699,0,177.7917787,10.94813067,119.8615652,0.029421723,0.041511146,100.6145172,178.1285439,0,-27.16798078,11.69253178,136.7152995,-0.052253794,0.036485508,102.3872395,29.57726287,0.012748739
s05,3MRSEC,-154.4252428,11.72405628,137.4534956,0.04783559,0.229531853,135.1637268,154.869652,0,148.4651565,15.74788063,247.9957443,0.182817935,0.238146455,146.9088821,149.2980189,0,198.5515979,10.97517128,120.4543845,-0.076032258,0.238932067,101.8599091,198.8546992,0,-33.32771875,12.32918311,152.0087561,-0.036212274,0.207576038,132.9758797,35.53513182,0.007213803
s05,3MRSEC,-157.869976,10.72514135,115.028657,-0.154267099,6.20413492,273.8840847,158.2338711,0,138.1026304,12.73053906,162.0666248,0.184762977,2.556526877,291.2222691,138.6881507,0,210.8216395,10.34307584,106.9792179,-0.041606545,0.59746185,145.773819,211.0752068,0,-36.00158681,11.707318,137.0612948,-0.126370491,0.481039943,147.696125,37.85730507,0.001030453
s05,3MRSEO,-71.75458219,49.69182166,2469.27714,16.86383451,320.5467876,1228.856308,87.28113889,0.00027508,107.2995421,29.09348864,846.4310815,-1.500535342,5.096153919,330.513649,111.1738405,0.001430418,182.0290138,12.84306822,164.9444013,0.575995938,1.675524695,120.5725098,182.4815231,0,40.56562068,14.45878985,209.056604,-0.085924984,0.087594069,128.1476707,43.06537106,0.004841416
s05,3MRSEO,-120.9169372,25.36018435,643.1389504,11.14328559,204.2049322,724.1586914,123.5477424,5.51E-05,151.1494269,40.14212759,1611.390408,10.8114946,134.6916497,711.5196915,156.389065,0,165.9622191,10.09035495,101.815263,-0.039851689,0.050604872,87.80723572,166.2686785,0,-5.408901747,11.39090474,129.7527108,-0.000202202,0.301143663,143.1110077,12.60987426,0.245267943
s05,3MRSEO,-151.0418777,31.15776885,970.8065598,10.5005982,170.3465735,769.2506714,154.2220975,0.000102897,162.2693418,49.9851978,2498.52,5.876468498,135.6519647,1338.895462,169.7935784,0.001028965,168.1874233,13.35669796,178.4013804,1.638762742,6.917358903,154.2372055,168.7169545,0,-14.6219079,12.64207157,159.8219736,0.263028954,0.717406128,137.9368591,19.32930842,0.093172815
s06,3MNLBH,-99.54507527,13.38492556,179.1562324,0.380658546,1.024912948,162.3939304,100.4409192,0,39.18710181,16.92715356,286.5285276,0.071896065,0.115305711,152.053112,42.68673654,0.011073148,217.5963655,13.55311204,183.6868461,0.069807873,0.287305141,134.5055084,218.0180385,0,-176.5352901,10.91098166,119.0495209,0.208597774,0.869347205,113.4330444,176.8721521,0
s06,3MNLEH,-111.6056816,9.151613425,83.75202829,0.03716385,0.936592283,100.8987579,111.9802669,0,88.20610951,14.63854039,214.2868648,0.189033903,-0.116668066,112.2979774,89.41255292,0,185.1132949,12.0413314,144.9936618,-0.028034883,0.026148956,104.4404449,185.5045164,0,-136.0583862,9.744716296,94.95949568,-0.115727135,0.292635338,96.45576477,136.4069058,0
s06,3MNMBH,-174.6695379,10.10858968,102.1835852,0.142068422,0.533965713,143.7019119,174.9617989,0,-165.531637,10.33273663,106.7654462,0.060069773,0.104165663,87.65577698,165.853816,0,245.9946967,8.734044074,76.28352589,0.018017025,-0.0247216,74.49880981,246.149699,0,-52.0960022,9.662168923,93.35750829,-0.005136086,0.203178433,113.4292946,52.98444067,4.49E-05
s06,3MNMEH,-105.9496525,8.962034905,80.31806963,-0.008732389,0.132200243,78.20317841,106.3280157,0,69.06755272,15.05039462,226.5143781,0.264133236,-0.092962948,134.24932,70.68833862,5.23E-05,194.8919922,11.04374939,121.9644006,-0.022288408,-0.080581046,97.9143219,195.2046439,0,-150.2121733,9.168435226,84.06020449,-0.008824279,0.068597178,82.83317566,150.4917181,0
s06,3MNNLBH,-101.3432572,9.147747409,83.68128266,-0.043291591,0.407795633,95.45533371,101.7552803,0,43.85753127,13.36342776,178.5812014,0.075431912,0.45458343,126.750823,45.84827423,0.00257732,209.8826182,12.32439755,151.8907749,-0.275924276,1.002909221,124.6153259,210.2441538,0,-165.8037126,9.241718396,85.40935891,-0.246679108,0.537359093,87.91757202,166.0610745,0
s06,3MNNLEH,-104.9064668,10.95072911,119.9184681,0.117974806,-0.073461504,101.2129173,105.4764677,0,107.1717926,17.07233188,291.4645158,0.140532693,-0.258286155,133.8902855,108.5230742,0,158.085738,14.53432392,211.2465718,-0.021001915,-0.318355579,105.033226,158.7524712,0,-96.00421418,12.21056659,149.0979365,0.116732729,0.03963899,103.4269295,96.77761661,0
s06,3MRSEC,-73.75931444,9.933870086,98.68177489,0.134806098,0.273385645,108.6235218,74.42525272,0,138.0606398,15.03465872,226.040963,0.130360204,0.39934772,146.7667694,138.8768563,0,133.8058115,13.91864535,193.7286885,0.078388335,-0.301432534,110.2204666,134.5277811,0,-50.22096754,12.29980072,151.2850978,0.125327702,0.078981764,111.7818708,51.70522873,0.000348624
s06,3MRSEC,-77.44494756,8.536312129,72.86862476,0.045304413,-0.024763825,74.9906044,77.91398159,0,145.801945,15.44505325,238.54967,0.35134107,-0.195756795,105.0463104,146.6177235,0,137.7165906,12.34097062,152.2995559,0.051558333,-0.154962492,118.506218,138.2684305,0,-70.07190781,10.92777391,119.4162426,0.136576995,-0.026829002,92.41667175,70.91888682,0
s06,3MRSEC,-83.68042153,9.347187353,87.36991142,0.197067852,0.613864643,104.283371,84.20084833,0,157.7428936,15.27540048,233.3378599,0.212445335,-0.216113422,105.9569778,158.4807822,0,139.8103899,12.84660531,165.035268,0.051044028,-0.199281599,108.3953934,140.3993603,0,-96.66380803,10.64697582,113.358094,0.169646417,0.503691744,110.5215263,97.24839267,0
s06,3MRSEO,-67.21561313,14.25725579,203.2693427,0.201379207,0.273892727,143.4382479,68.71104709,5.83E-05,120.4028887,20.96255289,439.4286235,0.421229994,0.716562736,207.1773643,122.2140918,0,99.33755786,15.72836211,247.3813746,0.002600515,-0.309157168,126.9471703,100.5750057,0,67.44046427,16.70696526,279.1226882,-0.109189041,-0.146898902,123.2203571,69.47905375,0
s06,3MRSEO,-71.76426713,14.02003125,196.5612763,-0.014761528,1.034795713,164.9595089,73.12093622,0.000223009,124.3241472,21.01029095,441.4323257,0.451487275,0.747506648,192.9171295,126.0869775,0,109.4696321,16.01425363,256.4563194,-0.050677914,-0.360972215,134.327858,110.6347896,0,24.54057092,16.74037166,280.2400433,0.25274722,-0.166400597,125.7971458,29.70655929,0.079837203
s06,3MRSEO,-73.27383082,10.10667648,102.1449096,0.085591493,-0.128231073,79.15124512,73.967555,0,130.3572209,16.6260394,276.4251862,0.21058131,0.178147112,163.0745964,131.4132041,0,123.9381519,13.85238012,191.8884351,0.071152117,-0.325440211,104.1711655,124.7098791,0,-21.26184467,12.91133892,166.7026727,-0.155217895,-0.119875049,104.5058899,24.87506204,0.069412069
s07,3MNLBH,-314.202382,10.19176223,103.8720173,-0.040440225,-0.24027837,98.59869385,314.3676333,0,66.90048668,11.14628402,124.2396474,0.083753735,-0.291266309,83.41098595,67.82267147,0,114.5966084,10.49117171,110.0646839,0.035444175,-0.363056411,90.98615265,115.075833,0,36.29739669,8.948853102,80.08197185,0.009183489,-0.159018782,67.80438793,37.3842611,0
s07,3MNLEH,-285.3599898,10.12579621,102.5317488,-0.554441436,3.722665948,152.8572083,285.5395867,0,98.16743909,11.10932568,123.417117,-0.399709881,2.771319284,157.5339341,98.79404443,0.000100824,134.7625168,9.935681625,98.71776935,-0.368247499,2.203648193,141.3719559,135.1282861,0,-14.49058287,8.906450882,79.32486731,-0.316667489,1.704457919,123.6897087,17.0088759,0.07183727
s07,3MNMBH,-323.1329223,12.15062079,147.6375857,0.734992126,14.89062172,346.6943369,323.3612887,0,58.40966413,13.5010281,182.2777597,0.038907055,-0.281804236,161.4701767,59.94970078,3.55E-05,107.3999265,12.64647888,159.933428,-0.120879134,2.366767365,265.564682,108.1419329,3.55E-05,44.66874257,10.15935893,103.2125739,0.05789126,-0.255749016,128.4842644,45.80948741,3.55E-05
s07,3MNMEH,-300.1473189,13.83698279,191.4620927,0.01041524,-0.650257399,101.5251923,300.4660965,0,83.30229261,14.80737141,219.2582482,0.0049057,-0.660681462,104.3562946,84.60809773,0,125.8229661,13.96283831,194.9608536,-0.007026949,-0.780140777,105.7681122,126.5953381,0,-5.535587456,12.10326609,146.4890502,0.011369665,-0.652272444,83.13610458,13.30908632,0.424008598
s07,3MNNLBH,-312.4561319,12.31582793,151.6796176,-0.353888756,0.990633626,120.8137207,312.6987592,0,69.84364967,12.82287264,164.4260627,-0.215750427,0.382177109,122.0198481,71.01099536,0,116.906014,12.73993834,162.3060289,-0.269036918,0.644958734,134.67379,117.5981383,0,26.62963985,10.55128063,111.329523,-0.283497215,0.673826403,123.1736069,28.64379936,0.00741891
s07,3MNNLEH,-273.8908472,14.88403111,221.534382,0.607510798,3.220914488,180.4314728,274.29497,0,121.2053263,16.60052922,275.5775704,0.882706208,3.786939982,189.7681389,122.3368657,0,135.4168008,15.42453573,237.9163024,1.050472214,6.370028319,196.7692184,136.2924291,0,-31.93919611,13.71810584,188.1864279,0.546383206,3.157657852,167.5232048,34.76059085,0.00689934
s07,3MRSEC,-203.618048,19.42907999,377.4891492,0.008630308,-0.822701085,157.9397049,204.5429017,0,131.5818089,20.48387328,419.5890644,0.079245722,-0.789063792,158.0649948,133.1666681,0,179.0591996,19.46096709,378.7292402,0.008733394,-1.042083387,136.0164108,180.113648,0,72.72149099,19.09832316,364.7459474,0.006987577,-1.087265272,136.5960999,75.18750693,0
s07,3MRSEC,-225.8085651,17.42001499,303.4569221,0.053062756,-1.001499176,102.9033356,226.4795023,0,150.5959906,18.93566947,358.5595783,-0.037893977,-0.784031428,177.7480946,151.7817907,0,167.7493717,17.68177455,312.6451511,0.033889511,-1.121587818,100.0946884,168.6786794,0,65.25882018,17.36255233,301.4582234,0.017339886,-1.182424856,97.20373535,67.52904437,0
s07,3MRSEC,-246.6662804,17.74693615,314.9537426,0.011830498,-1.089616276,107.5146332,247.3038771,0,169.8446761,19.51213636,380.7234655,0.003022569,-0.906066446,136.0089417,170.9618012,0,157.1521835,18.30091016,334.9233129,0.008113465,-1.177449761,104.384346,158.2141969,0,58.44901247,17.9357492,321.6910995,0.00487609,-1.235656532,102.3461027,61.13900685,0
s07,3MRSEO,-67.61229438,20.97864333,440.1034761,0.008546236,-1.156679158,139.0457418,70.79213111,6.17E-05,117.429012,37.99794639,1443.84393,8.036034405,102.9096087,663.7219276,123.4237286,0,-28.51964507,9.11285083,83.04405025,0.019541106,-0.433140993,86.94332314,29.94017711,0.000370485,175.4174183,20.43347699,417.526982,0.006299207,-1.331845057,101.1829987,176.603504,0
s07,3MRSEO,-87.50143299,20.3835564,415.4893716,-0.005457476,-0.956266026,114.1342659,89.84425495,0,137.8573918,22.95845437,527.0906272,0.104854722,-0.468188593,197.0085869,139.7560414,0,-45.2481805,10.09579491,101.9250749,0.122729536,0.096031746,96.14347649,46.36079069,0.000507373,166.8146974,19.51159306,380.7022639,-0.00931775,-1.227172022,87.82407379,167.9519143,0
s07,3MRSEO,-180.4786053,18.62283584,346.8100147,0.092848613,-0.620110051,150.1457672,181.4368678,0,106.2592159,22.07881771,487.4741914,-0.007783175,-0.169721023,230.1945877,108.5287757,0.000221325,193.9759467,20.1152896,404.6248757,0.151214783,-0.601626933,135.4049683,195.0161347,0,83.51881426,18.03611192,325.3013332,0.083810303,-0.883896105,141.8170013,85.44409674,0
s08,3MNLBH,-148.1713512,9.715466724,94.39029366,0.019744325,0.165827141,95.05142975,148.489527,0,-35.43863477,10.59825424,112.322993,0.222723235,0.377026853,101.6168194,36.98945562,0.003240729,-12.85178813,8.219867513,67.56622194,0.081659404,-0.128226321,64.7002697,15.25564421,0.088754149,100.6400523,14.67165848,215.2575626,-0.1504723,-0.090234924,122.4144058,101.7038726,0
s08,3MNLEH,-155.9424923,8.124217228,66.00290557,-0.067229894,0.338142592,80.72200012,156.1539747,0,28.95235125,9.876964587,97.55442946,-0.047951989,1.843480872,131.0124359,30.59073507,0.005029252,-33.26806754,7.245877873,52.50274615,0.084026375,0.150450359,63.66057536,34.04801116,0,126.5039828,11.34624749,128.737332,-0.336450726,0.179215927,97.65438843,127.0117908,0
s08,3MNMBH,-140.4044194,10.54647528,111.2281409,0.144559574,0.168406371,108.0120468,140.7999613,0,-61.42515466,12.1132502,146.7308305,0.086141142,1.55070684,143.9543667,62.60815007,4.98E-05,-10.34446007,9.486708528,89.99763869,0.013945625,0.381073078,94.84386253,14.03586452,0.206325901,99.60160059,16.32223538,266.4153679,-0.110463464,0.367966259,153.9062288,100.9301452,0
s08,3MNMEH,-151.377131,7.812566531,61.0361958,0.053018448,0.278984065,71.08988953,151.5786,0,-12.60163301,8.61432435,74.206584,0.088387314,1.408398794,101.3363266,15.26459101,0.063156407,-14.08344653,6.813950163,46.42991683,0.076579628,0.131564678,60.77150536,15.64523515,0.029294023,105.9188695,11.14546551,124.2214013,-0.253901118,0.143180093,88.25789642,106.503654,0
s08,3MNNLBH,-145.1153545,7.48384566,56.00794586,0.101811828,0.463589252,73.65172577,145.3082037,0,-49.87162765,10.08375095,101.6820333,-1.600150063,11.58851392,152.7057295,50.88085374,0.000147178,-11.87805418,6.957533804,48.40727663,0.001073716,0.634809296,77.70203018,13.76573455,0.05234626,101.4319157,10.16190761,103.2643663,-0.093412601,0.475124838,99.75435257,101.9396777,0
s08,3MNNLEH,-157.0526962,7.063913546,49.89887459,-0.006874247,0.285062843,65.69696045,157.2114763,0,12.39692535,9.052654145,81.95054707,0.507402758,6.101232214,159.7180367,15.35038453,0.05514387,-24.29499908,6.315875586,39.89028442,-0.000393278,0.216818458,64.82742548,25.10253502,0.00019827,116.3023734,9.492790472,90.11307094,-0.264102134,0.412117554,92.07260132,116.6891389,0
s08,3MRSEC,-88.75481267,13.08131383,171.1207714,0.135606225,-0.441845351,118.0779915,89.71364191,0,-14.55800524,13.74115566,188.8193589,0.061833976,-0.311870217,138.5408516,20.01886299,0.272539901,52.58970018,9.706200759,94.21033316,0.104580637,-0.1998395,90.03622437,53.47791037,0,193.8077258,19.52438527,381.2016202,0.117244155,-0.553643681,179.0589294,194.7886963,0
s08,3MRSEC,-114.2490757,11.31148159,127.9496157,0.117141497,-0.631031141,80.34801483,114.8076692,0,-36.97581578,12.70734535,161.4766259,0.108295986,-0.664706071,93.03374863,39.09843448,0.001330746,69.43028951,8.373434322,70.11440235,0.100274694,-0.381038004,75.41882324,69.93339334,0,186.9931568,17.48981054,305.8934726,0.053598675,-0.75607104,121.6047058,187.8093026,0
s08,3MRSEC,-118.5689248,15.04791504,226.4397469,0.258725119,-0.787978835,103.6214066,119.519997,0,-42.96340763,17.06473514,291.2051853,0.218675027,-0.426050167,150.8170738,46.22834174,0.008253476,70.87296969,10.48675394,109.9720083,0.237357648,-0.537264614,78.07228088,71.6446079,0,185.4934151,22.34402113,499.2552803,0.219477921,-0.863346126,133.6284943,186.8343178,0
s08,3MRSEO,-39.40558475,10.03798524,100.7611477,0.079103441,-0.223591598,80.16288275,40.66400444,0,39.7784737,14.74959505,217.5505543,0.345331394,0.722085722,156.5653009,42.42496346,0.002057319,21.65271295,8.374005434,70.12396701,0.154218342,0.336899633,87.25186348,23.21559702,0.006514844,170.2329316,16.19227531,262.1897799,0.106955742,-0.916632694,92.61115265,171.0012888,0
s08,3MRSEO,-53.8471213,11.00381456,121.0839348,0.106934497,-0.654986656,69.16009712,54.95995276,0,22.12520271,15.61314104,243.7701731,0.215257855,-0.321995183,155.6957779,27.07941595,0.117202889,32.32834207,9.000578459,81.0104126,-0.074566893,-0.066964703,72.89252186,33.55789197,0.000766032,176.0607793,19.17942839,367.8504734,0.09197266,-1.184793023,100.6089249,177.1023673,0
s08,3MRSEO,-66.62483869,6.91397911,47.80310714,-0.040498433,0.066568213,58.65097809,66.98262639,0,4.607538528,15.77026705,248.7013227,2.012256774,10.57169289,219.9528656,16.42956889,0.357607573,44.51582503,7.432585609,55.24332883,-0.008562843,0.145010855,68.819767,45.13205077,0,179.3448037,11.07241994,122.5984833,-0.012104635,-0.163293012,97.63008118,179.6862741,0
s09,3MNLBH,43.24438329,11.29883939,127.6637716,-0.0475887,-0.068901387,86.67031395,44.69608996,0.000125175,-205.8842202,11.74691063,137.9899093,-0.018121839,-0.154244509,117.3281555,206.2190633,0,62.18799688,10.72095947,114.938972,0.055098871,-0.172198468,83.94205284,63.10535578,0,409.775012,14.14086358,199.9640229,0.056745123,-0.023850621,116.5876465,410.0189318,0
s09,3MNLEH,162.1141049,11.99522798,143.8854943,0.008133555,-0.206680884,97.60204315,162.5572776,0,-77.99822426,11.6183832,134.9868282,0.105270784,-0.412358347,78.42383194,78.85879669,0,150.1905332,10.39307981,108.0161079,0.136753934,-0.335906543,75.68623352,150.5497006,0,537.5636022,14.35050952,205.9371236,-0.021959249,-0.012149243,111.8641663,537.7551148,0
s09,3MNMBH,25.69257942,9.164101209,83.98075096,-0.067686351,0.045687379,91.43307304,27.27800191,0.004396419,-236.3012234,9.291434229,86.33075004,0.250738756,0.348017775,87.43513489,236.4838238,0,38.29604291,7.519263289,56.53932041,-0.071678896,0.021591312,65.61093378,39.02724975,0,385.8317406,10.47615565,109.7498372,-0.059003343,0.276282623,85.527771,385.9739394,0
s09,3MNMEH,116.4294279,11.39714365,129.8948834,0.015630283,-0.136804472,103.8252335,116.9859246,0,-127.5579027,9.530770875,90.83559347,0.12737883,-0.003951176,84.29360199,127.9134635,0,115.5410498,8.409273471,70.7158803,-0.004062911,-0.016822987,68.67578125,115.8466662,0,491.3757257,12.99704182,168.9230962,-0.114895254,0.016102164,115.2431641,491.5475835,0
s09,3MNNLBH,58.57588186,8.897960811,79.17370659,-0.051953403,0.094447431,78.35090256,59.24784926,0,-182.5179754,7.472809667,55.84288433,0.010109923,0.192941418,69.64254761,182.6708904,0,90.51646137,8.38347089,70.28258416,0.007854278,-0.008714104,68.78610992,90.9038633,0,435.1331429,11.57991046,134.0943263,-0.14064391,0.016871854,95.93029785,435.2871999,0
s09,3MNNLEH,217.1129795,15.21479133,231.4898752,0.07307812,-0.602143904,97.91619873,217.6454358,0,-22.7104356,14.27829504,203.8697093,0.156358761,-0.573005511,94.22677803,26.8259873,0.038686092,194.8754464,13.46352683,181.2665548,0.060421465,-0.650342038,83.17164612,195.3399758,0,588.8620075,16.81182531,282.6374702,0.055399415,-0.308203646,123.0539551,589.1019448,0
s09,3MRSEC,-138.8993617,9.387088733,88.11743489,-0.053654518,-0.078674904,82.65739441,139.2161991,0,-251.7247145,8.464019752,71.63963037,-0.080131811,0.228289364,75.40385437,251.8669719,0,263.2402159,8.935701926,79.84676891,0.02585701,-0.116479811,71.6471405,263.3918337,0,208.2424437,11.40685711,130.1163892,-0.208043828,0.23375816,93.23756409,208.5546253,0
s09,3MRSEC,-133.4776975,11.57024637,133.870601,0.076363705,-0.297194149,95.53762054,133.9782308,0,-259.4841021,9.489301053,90.04683447,-0.422401934,2.969735241,119.2728882,259.6575554,0,247.179856,10.27662415,105.6090039,0.069401747,-0.148518949,91.86129761,247.3933917,0,219.9977009,12.29264063,151.1090136,0.012315628,-0.24063665,97.3757782,220.3408664,0
s09,3MRSEC,-133.5928755,10.79886607,116.6155083,-0.026106564,-0.321492742,80.51442719,134.0286235,0,-263.9213984,8.314093458,69.12415003,-0.019562236,-0.011190522,64.17668152,264.0523218,0,234.8801528,9.180800122,84.28709088,0.040097055,-0.157607596,79.11198425,235.05951,0,229.0801351,13.28848428,176.5838144,0.029785491,-0.092450486,107.1705627,229.4652307,0
s09,3MRSEO,-143.3860558,9.1720686,84.12684239,-0.014775259,0.407369307,101.1829987,143.6791142,0,-164.9230454,15.86006171,251.5415573,-0.106249654,0.348259274,204.4434929,165.6838932,0,254.9697181,10.48599284,109.9560459,-0.065427361,-0.229642109,78.61643982,255.1852527,0,164.6736481,9.834461807,96.71663903,0.103874373,-0.004227257,87.10413361,164.9670482,0
s09,3MRSEO,-144.4612824,12.17636861,148.2639525,-0.83071673,4.375674613,147.1949768,144.9735357,0,-209.2199827,13.73624873,188.6845291,-0.116233266,0.987177279,145.1343079,209.6704216,0,267.5103844,10.44396103,109.0763221,-0.531135702,2.085236255,112.4344788,267.7141799,0,183.6268423,12.32612734,151.9334153,-0.085207253,-0.091637935,110.4373779,184.0400788,0
s09,3MRSEO,-141.6573402,10.82605734,117.2035175,0.049996338,-0.40122978,83.85416412,142.0704246,0,-239.4468779,8.79878719,77.41865602,0.084123926,0.316859891,85.51094055,239.6084848,0,267.3619778,9.276039841,86.04491514,-0.03640753,-0.300840759,76.05833435,267.5228441,0,198.7555006,11.47670843,131.7148364,0.078607078,-0.448940385,93.03749084,199.0865738,0
s10,3MNLBH,19.50627095,11.91738908,142.0241625,0.321206451,2.117986596,153.5846062,22.85866945,0.06484439,326.5481214,10.60470903,112.4598536,0.052353206,0.591368144,113.5975952,326.7202709,0,26.30938165,9.167170378,84.03701273,0.075652062,0.403112728,95.47590256,27.86073537,0.004013907,161.0868323,12.89776563,166.3523583,0.021604202,0.067195441,124.9612808,161.6023512,0
s10,3MNLEH,61.75358513,12.63724189,159.6998827,0.047266572,0.73443803,137.9836092,63.03336545,0.000176809,365.0301036,12.23565964,149.7113669,0.020375734,0.960370952,121.9768372,365.2351132,0,70.05025275,10.00979627,100.1960215,0.052982012,1.351457766,116.4156036,70.76181125,0,285.8629969,15.47805903,239.5703115,0.141805782,0.336999732,134.7373657,286.2817202,0
s10,3MNMBH,27.1280789,11.11540547,123.5522389,-0.028064016,-0.205007882,86.75819778,29.31697297,0.010800491,336.6320347,9.99185241,99.83711459,0.032737943,-0.195801996,92.92529297,336.7802903,0,22.86428562,8.418823397,70.87658739,0.011756129,-0.108332107,80.57240582,24.36497783,0.004254739,150.4030133,12.61129627,159.0447935,-0.050648652,-0.177786843,90.37467194,150.9308159,0
s10,3MNMEH,58.98604099,13.35726641,178.416566,0.072128709,1.068049375,135.717226,60.47949733,0.000691618,348.45361,12.20332433,148.9211247,0.379045745,2.317932305,138.9522705,348.6672331,0,64.62431766,10.17702835,103.5719061,0.65508563,3.083755102,133.5873508,65.42074854,0,233.584154,15.49491045,240.0922499,0.147688076,0.954880201,165.0623474,234.0975208,0
s10,3MNNLBH,22.70972206,11.32859634,128.3370951,-0.158985218,0.10492764,98.01716614,25.37850609,0.029103143,332.6721147,9.727388846,94.62209377,0.043860948,-0.344042415,73.09448242,332.8142996,0,26.51751833,8.40874103,70.70692571,0.046032391,-0.075524656,68.63090229,27.81880127,0.000801004,156.9003876,12.41801092,154.2069952,-0.093494656,-0.162332735,100.3209534,157.3910373,0
s10,3MNNLEH,55.46141421,12.10008798,146.4121292,0.06863504,0.036869979,116.7858562,56.7660162,0,350.8398544,11.59796047,134.5126872,0.101156578,0.347488731,107.8100891,351.031503,0,67.09790226,9.17073335,84.10235018,0.00955591,-0.090463147,84.93873787,67.72171615,0,250.1313862,14.24390188,202.8887408,-0.195482922,0.223867237,123.8766937,250.5366223,0
s10,3MRSEC,-61.60674085,8.972768353,80.51057191,-0.072735395,-0.041269006,68.36724281,62.25673529,0,191.020027,14.33485147,205.4879666,0.459110754,0.117241389,103.8663635,191.5571421,0,90.81736397,9.742956322,94.9251979,-0.166442769,0.251047633,84.38523865,91.33848475,0,293.6400042,10.78569889,116.3313006,-0.055644687,-0.053633493,86.58244324,293.8380223,0
s10,3MRSEC,-54.61292471,10.52263198,110.7257839,-0.031535013,-0.112812227,82.18243408,55.6174193,0,204.8524385,14.36299216,206.2955438,0.461199014,-0.013431863,103.144577,205.3553435,0,99.16286858,11.09566548,123.1137925,-0.068098085,-0.070658727,87.68383026,99.78170322,0,284.1545084,11.86879172,140.8682168,0.034462624,-0.076608048,93.34602356,284.402273,0
s10,3MRSEC,-45.00256044,11.07336229,122.6193524,0.395558118,1.504911747,127.8353939,46.34490046,0.002827009,217.0349195,19.05529194,363.1041508,-7.27752419,79.8725012,284.9018421,217.8698245,0.001875612,105.8689585,13.76221088,189.3984482,-3.091091901,25.13013391,199.0206451,106.759706,0.000842666,268.6165789,22.84462745,521.8770033,-7.596408064,84.10451863,346.4400158,269.5862449,0.000897032
s10,3MRSEO,-119.2256681,20.08226344,403.297305,-0.203186452,-0.415774896,120.5107956,120.905158,0,150.4870717,19.02719852,362.0342836,0.382934571,-0.200334098,116.387558,151.6851773,0,-16.55582945,26.57957836,706.4739856,-0.401328592,-0.009269908,190.7105827,31.31404596,0.245183058,301.4667617,15.67500413,245.7057543,0.02941253,-0.590387966,112.9393616,301.8740038,0
s10,3MRSEO,-82.42368146,10.44039998,109.0019517,-0.024047596,-0.297364091,74.0425415,83.0822798,0,168.9287593,15.39593463,237.0348031,0.531781844,0.034787874,112.6831818,169.6288906,0,49.89906485,14.56265017,212.0707799,-0.219453701,-0.151885724,103.6195374,51.98064498,0.000908833,312.527538,10.41094587,108.3877939,-0.061216429,-0.119117862,87.62585449,312.7008951,0
s10,3MRSEO,-73.08399868,9.662160545,93.3573464,0.082578922,-0.258961064,74.51002884,73.71993088,0,176.6232662,13.09540412,171.4896092,0.55795128,0.448265333,123.4129639,177.1080681,0,76.07660385,12.70106592,161.3170754,-0.141147445,0.082896411,104.6367874,77.12954511,0,306.9727089,10.08273846,101.6616149,-0.009460715,-0.139836055,79.46725464,307.1382516,0
s11,3MNLBH,-65.1217796,7.740475943,59.91496782,0.498648418,10.97579813,220.218399,65.58018867,3.30E-05,-288.7333683,9.374291639,87.87734374,1.381961961,41.48453189,388.9122124,288.8855055,3.30E-05,69.00644784,7.462369819,55.68696332,-0.295749991,1.576785376,131.9474144,69.40876606,3.30E-05,333.2062598,9.667745673,93.4653064,-1.143227495,37.48750692,347.8948555,333.3464817,0
s11,3MNLEH,-58.49791834,12.91308859,166.747857,0.233638404,-0.597505279,97.2972374,59.90621259,0,-227.9539557,13.37394808,178.8624873,0.068251786,-0.55036474,99.73939514,228.3459402,0,58.64007165,15.23764776,232.1859091,-6.095764058,49.16680469,201.7245865,60.58748973,0.000433016,325.4476247,14.6287244,213.9995775,0.23617441,-0.799848743,92.36056519,325.7762361,0
s11,3MNMBH,-65.85113118,8.238525988,67.87331045,0.477944479,2.317143978,98.0807445,66.36448439,0,-292.1724427,9.542665236,91.0624598,0.058944714,-0.271845344,82.54144287,292.328238,0,72.6606531,7.783643431,60.58510507,0.137192197,0.037350152,70.76451492,73.07636837,0,331.4099943,9.839336092,96.81253473,0.052991277,-0.527823979,80.77059937,331.5560237,0
s11,3MNMEH,-51.56905933,13.4208677,180.1196898,0.06647017,-0.156104125,221.7124863,53.28684237,4.05E-05,-245.6193212,14.29027047,204.2118301,-0.198899768,0.65652114,253.056572,246.034678,0,57.7134181,6.282708612,39.47242751,-0.233874878,1.363260242,95.05890942,58.05438017,0,330.3765821,14.99386347,224.8159417,0.029650065,-0.275917881,248.8903503,330.7166491,0
s11,3MNNLBH,-68.74955693,8.938278226,79.89281765,0.016570522,-0.417852207,83.71204948,69.32816452,0,-277.0619664,11.256459,126.7078693,0.909998825,19.3247872,310.8156033,277.2905355,0,51.4279942,7.809462727,60.98770809,-0.183875929,0.093482926,85.51280975,52.01755757,0.000139024,332.4218697,12.37855803,153.2286989,-1.64695976,46.38929127,400.8499584,332.6522631,3.48E-05
s11,3MNNLEH,-72.88413592,10.54529911,111.2033332,-0.924489212,4.202043866,139.5506248,73.64306215,0,-219.095938,8.925941564,79.6724328,-0.917329848,6.929926763,138.6455841,219.2776835,0,71.66178051,8.605186019,74.04922643,-5.219951458,67.67457793,180.4950562,72.17658908,9.94E-05,311.3242686,9.605190816,92.25969061,-0.255707775,0.621967895,108.2962799,311.4724063,0
s11,3MRSEC,30.54530742,8.822850579,77.84269235,0.020325304,-0.047427608,86.42721748,31.79400097,0.000655971,-76.30899065,9.771772447,95.48753676,-0.343797531,2.251162958,125.4343815,76.93211027,0,141.0854094,8.015575876,64.24945663,0.118919136,1.077120013,108.2887955,141.312923,0,221.428436,8.218591178,67.54524095,-0.000659271,-0.200393253,73.38806152,221.5809051,0
s11,3MRSEC,15.65327387,9.310989425,86.69452407,0.015881444,0.176312087,106.9779663,18.2131685,0.057221895,-131.4571189,8.812752609,77.66460855,0.066922276,0.476020103,111.6603317,131.7521868,0,130.0403403,7.322527283,53.61940581,-0.093480463,0.291021343,70.861763,130.2463416,0,210.551699,8.812875489,77.66677439,-0.009856334,0.317947577,111.5312958,210.7360547,0
s11,3MRSEC,23.47519877,9.56731923,91.53359725,0.055826895,-0.04739256,92.95521355,25.34992218,0.008468526,-140.9950722,10.70562303,114.6103645,-0.605393068,4.120539384,174.8777237,141.4009221,0,123.4281821,7.017830142,49.2499399,-0.016459343,2.643397878,112.275528,123.6275296,0,215.1327682,8.558669404,73.25082196,0.029077504,-0.197627406,84.2094574,215.3029465,0
s11,3MRSEO,56.31231749,13.05968814,170.5554544,0.023414488,-0.58429945,104.0271899,57.80685561,0,57.46883737,11.96820944,143.2380372,-0.058801281,-0.266045113,98.60994196,58.70183392,0,80.71926734,11.14642458,124.2427809,-0.125290435,-0.198860721,98.77823639,81.48523118,0,242.8475739,11.11597016,123.5647925,-0.020080813,-0.412435624,98.62677002,243.1018489,0
s11,3MRSEO,48.79164986,8.526018188,72.69298614,-0.041764184,0.027573318,78.9848175,49.53098104,0,9.593472687,14.29090816,204.230056,-0.197853234,-0.208196354,138.955986,17.21234366,0.18820665,106.3435647,8.907493766,79.34344519,0.082875202,0.220414751,92.75325775,106.715965,0,228.2435617,7.841662884,61.49167679,-0.13631267,0.358135889,88.14569092,228.3782283,0
s11,3MRSEO,35.34953817,13.29734853,176.8194779,-0.039954619,-0.437523265,129.2079315,37.76783455,0.003864428,-30.13970485,15.98536026,255.5317427,-0.180540487,0.066088762,158.5175285,34.11647038,0.039531201,118.6271287,11.00454008,121.0999024,0.004375741,0.217660351,105.0818405,119.1364577,0,216.1080657,12.49344061,156.0860583,-0.022284153,-0.649494965,92.37367249,216.4688941,0
s12,3MNLBH,49.58230441,42.93993315,1843.837859,0.199466385,-0.2658838,326.9252319,65.59148397,0.2014917,30.30843653,45.08037358,2032.240082,0.226924838,-0.37284155,325.6274719,54.32164768,0.438649619,265.9337027,45.40015823,2061.174367,0.225980806,-0.399328076,320.0045395,269.7812236,0,-108.1694854,42.72912643,1825.778246,0.194332187,-0.387529485,321.7267752,116.3031204,0.000672948
s12,3MNLEH,92.8749797,40.64186362,1651.761078,0.258054621,-0.833541677,222.593236,101.3781186,0.000594932,-19.13414463,40.76956148,1662.157143,0.215458365,-0.869939139,242.584877,45.03634792,0.498093513,176.1820245,44.02705057,1938.381182,0.311135951,-0.745343031,262.4699249,181.5997988,0,-34.58437228,40.87337726,1670.632969,0.116476885,-0.783393157,237.9361801,53.54168259,0.426836853
s12,3MNMBH,41.96748175,44.5362367,1983.476379,0.246624263,-0.279638391,411.5853424,61.19432901,0.304019488,37.49324925,45.98745725,2114.846225,0.231194234,-0.314768037,420.2375946,59.33455961,0.385809988,297.0493575,46.69425598,2180.353542,0.228934578,-0.276757863,438.4490356,300.6969809,0,-121.795448,44.23212126,1956.480551,0.247417025,-0.323909074,420.3572769,129.5785928,0.003593179
s12,3MNMEH,69.24234285,43.55662491,1897.179574,0.258060058,-0.733666077,248.3574066,81.80269933,0.079324475,-10.04695938,43.69560982,1909.306318,0.288638903,-0.75152624,221.4450836,44.83578605,0.499863405,249.0644602,45.90101265,2106.902962,0.298028923,-0.72458052,246.46315,253.2587773,0,-78.06705199,43.0263725,1851.268731,0.26976922,-0.762409228,227.662674,89.13884303,0.081336148
s12,3MNNLBH,46.87855623,42.43293669,1800.554116,0.147281857,-0.781621953,209.2773209,63.23095089,0.259013335,38.3072006,44.06197125,1941.457311,0.143721793,-0.807883153,210.0309029,58.38577676,0.399467706,279.4450272,44.64303423,1993.000505,0.104896498,-0.814245083,213.3930817,282.9885576,0,-114.3961047,42.33641397,1792.371948,0.137301353,-0.785816056,214.2756977,121.9788536,0
s12,3MNNLEH,88.00227097,40.66979034,1654.031846,0.346936773,-0.690019406,224.1359444,96.94550811,0.002723139,-15.81306736,40.66356656,1653.525645,0.326710714,-0.706189295,216.9646835,43.63002114,0.499866274,220.1072126,43.23995315,1869.693548,0.266542806,-0.650866197,246.1789246,224.3142407,0,-62.80096829,40.58962778,1647.517883,0.330586303,-0.704213005,227.3129959,74.77619609,0.141749131
s12,3MRSEC,-33.84910886,47.86946297,2291.485485,0.441390716,-0.730395047,220.784996,58.62804496,0.492767427,265.1518956,50.21467054,2521.513138,0.329511816,-0.825808255,231.7765656,269.8648567,0,-3.397908314,54.48573014,2968.694789,0.408671767,-0.778998179,253.8513184,54.59157966,0.500029764,-71.85861559,48.96241348,2397.317934,0.311664482,-0.829997976,225.5739326,86.9538876,0.205786059
s12,3MRSEC,-25.09922864,42.0677016,1769.691518,0.176770825,-0.808235067,205.7711639,48.98635316,0.488200632,235.4231362,43.81165382,1919.461011,0.154042974,-0.911318392,212.3197174,239.4650582,0,9.759549192,47.3639518,2243.343931,0.129001408,-0.817189538,227.6495819,48.35899845,0.500099633,-93.67067679,43.04347764,1852.740967,0.141996566,-0.887639528,212.549736,103.0870344,0.008141422
s12,3MRSEC,-21.08724821,42.78626142,1830.664167,0.449315035,-0.526693446,221.3104477,47.70048431,0.496491437,217.9725277,44.26242711,1959.162454,0.428848717,-0.556210767,218.574707,222.4211889,0,18.19605006,48.1517724,2318.593185,0.382979417,-0.628694838,231.5016785,51.47513402,0.498245718,-102.8313038,43.79149732,1917.695238,0.410149254,-0.572266371,238.1605682,111.7674921,0.008147003
s12,3MRSEO,-41.65086181,43.12926727,1860.133695,0.026874121,-0.450693564,326.9719696,59.95771831,0.352453705,307.1565404,51.28483201,2630.133995,-1.057895524,4.985419426,549.6624451,311.4085328,0.003307983,-18.27852966,48.78807174,2380.275944,-0.009083561,-0.40425554,373.5411987,52.09971776,0.498277802,9.044990327,40.91405446,1673.959853,0.064698083,-0.593410248,296.7105713,41.90192958,0.497254715
s12,3MRSEO,-36.34674615,37.81256978,1429.790433,0.300033372,-0.747761627,206.8819122,52.44879778,0.407111547,286.6437384,40.73687943,1659.493346,0.266813471,-0.768561709,209.1295929,289.5239647,0,-8.707934148,43.65389531,1905.662576,0.249641178,-0.806307176,227.2830734,44.51393819,0.499971162,-51.93017856,39.00836728,1521.652718,0.28064972,-0.706954877,217.5555878,64.94918139,0.186267159
s12,3MRSEO,-30.44427931,42.16880905,1778.208456,0.434573496,-0.533923379,201.0140152,52.01021629,0.466534796,247.4914298,44.24054312,1957.225656,0.405892312,-0.567285249,211.6951752,251.4144656,0,2.622677917,47.84429264,2289.076338,0.373836305,-0.599439141,224.0686264,47.91612231,0.500089912,-82.639649,43.20864737,1866.987207,0.401798647,-0.588800195,214.1541557,93.25394787,0.103506564
s13,3MNLBH,125.8450874,19.41396746,376.9021325,0.390339026,-0.821854695,121.6047211,127.3337668,0,-29.74449382,29.8142553,888.8898192,0.294605051,-0.87717546,190.5927811,42.11442427,0.400118431,-90.87334044,21.01150383,441.4832934,0.386610755,-0.993795297,106.9630127,93.27082768,0,71.69814936,27.59497335,761.482554,0.295301108,-1.088885564,135.4442167,76.8251728,0
s13,3MNLEH,130.1935169,29.44515785,867.0173209,0.39890307,-0.640075571,204.9857864,133.4817185,0,-38.53949938,38.01336493,1445.015913,0.252476856,-0.670676882,281.2741318,54.13232792,0.405748098,-83.45151209,31.51037276,992.9035912,0.313087164,-0.732378633,222.7521801,89.2023456,0.003227542,88.90388346,35.96084753,1293.182555,0.238839583,-0.793255219,258.6776581,95.90142361,0.00189554
s13,3MNMBH,130.5172148,23.00463146,529.2130685,0.26606656,-0.952439837,153.8650856,132.5290777,0,-27.03752205,32.95697273,1086.162051,0.181063475,-0.956542798,205.7805176,42.62850748,0.443415862,-94.967944,24.13522479,582.5090756,0.258153154,-0.976931911,173.5855789,97.98683311,0,57.5538176,30.53476646,932.3719627,0.159137484,-1.085016278,211.9401245,65.15223621,0.014289708
s13,3MNMEH,122.1977528,22.4071469,502.0802322,0.45763197,-0.752962704,157.1786423,124.2351441,0,-34.02287839,58.16750577,3383.458727,10.93531509,175.975698,1175.708664,67.38705351,0.32854559,-89.70251686,26.37627185,695.7077168,0.398321526,-0.930906491,165.4045515,93.49999597,0.002411604,75.26093612,29.35965906,861.9895801,0.305541388,-1.08767602,168.4226542,80.78488773,0
s13,3MNNLBH,132.9958003,22.97972096,528.0675756,-1.478162341,11.22005669,273.5961151,134.9664791,0.001798412,-25.8876605,30.33406188,920.15531,0.302253223,-0.839845255,186.609787,39.87889512,0.438646488,-92.23539114,22.23663303,494.4678483,0.474589923,-0.591715858,157.3787279,94.8780018,0.001770744,61.4343932,28.87529359,833.78258,-0.017482354,0.099924659,236.8291702,67.88200975,0.000857704
s13,3MNNLEH,127.4257238,31.99556625,1023.71626,0.474573551,-0.583138395,167.5138626,131.3812443,0,-35.67255637,43.20743405,1866.882357,0.362988303,-0.65733975,256.9741364,56.03047059,0.428609688,-82.31902144,35.198339,1238.923068,0.422778867,-0.695190577,178.7129955,89.52845558,0.010846641,80.00307086,39.76107812,1580.943333,0.330541733,-0.838255211,196.4120674,89.33887552,0.00160691
s13,3MRSEC,-72.74193912,19.49876647,380.2018939,0.559885136,-0.44120983,108.6497021,75.30997013,0,5.810906616,44.91505385,2017.362062,0.433075534,-0.672398928,221.0580063,45.28938836,0.499917364,-168.7746275,41.97731954,1762.095356,0.483034029,-0.598888209,204.9315529,173.9165612,0,-76.99216119,41.20608889,1697.941761,0.443192121,-0.71855965,201.8984947,87.32545245,0.11152613
s13,3MRSEC,-70.69812292,20.98265038,440.2716171,0.298356346,0.311575742,178.122091,73.74616059,6.13E-05,14.96865644,46.17539745,2132.167329,0.070565986,-0.383399969,341.3481445,48.54099304,0.496122368,-158.5953098,42.40348954,1798.055925,0.181813037,-0.505673613,300.5420952,164.1661604,0,-70.24170202,41.74399986,1742.561524,0.168478809,-0.650608218,290.7772141,81.70959691,0.099009901
s13,3MRSEC,-70.4527583,16.1062494,259.4112698,0.427143784,-0.247395881,142.8342619,72.27034262,5.49E-05,36.99959619,73.76331475,5441.026602,8.912635633,113.3761054,1303.762756,82.52270427,0.362726275,-155.5332477,32.86650641,1080.207244,0.448783804,-0.438266568,249.2194595,158.9679162,0,-63.36576922,34.21635726,1170.759104,0.270391641,-0.602729452,267.7226105,72.01374739,0.088535381
s13,3MRSEO,-64.69616977,23.79533598,566.2180145,0.214830899,-0.697978559,195.9969425,68.93339102,0,35.40730438,50.79822979,2580.46015,0.166193604,-1.176506178,285.9321899,61.92041145,0.495140808,-120.7612869,47.9395901,2298.204299,0.179919813,-1.158663861,276.2420902,129.9287986,0,-53.69345281,49.09882472,2410.694589,0.165821217,-1.184795325,280.4307899,72.75769007,0.410469774
s13,3MRSEO,-70.7431981,24.54863013,602.6352412,0.336577518,-1.049478064,132.9179168,74.88147514,0.000195154,25.96820092,49.86977373,2486.994331,0.196305832,-1.268672689,222.0696564,56.22581071,0.499658481,-129.9781119,47.85328714,2289.93709,0.229116996,-1.272759569,227.759903,138.507208,0,-61.05774985,47.92713038,2297.009826,0.206425041,-1.277972579,202.2949257,77.62125123,0.312831355
s13,3MRSEO,-72.1142392,28.32328265,802.2083398,0.464361875,-0.426032438,169.731617,77.47691162,0.020983995,26.49424421,55.39084041,3068.145201,0.259440018,-0.984277224,278.9460526,61.40106007,0.499673977,-143.1349433,53.12149525,2821.893257,0.340206583,-0.889448571,270.1011801,152.6745075,0.000652045,-59.99493572,52.74289782,2781.81327,0.303754854,-0.945837893,292.8547363,79.88244852,0.382305868
s14,3MNLBH,-75.40862576,7.992275934,63.8764746,0.005282866,0.232975395,74.13416672,75.83097859,0,-123.2304431,10.4364242,108.9189502,0.112741691,0.147259666,84.63018799,123.6715855,0,13.21478908,8.066804545,65.07333556,-0.052985818,-0.031846733,64.30383873,15.48237663,0.057951988,133.8544755,7.401532572,54.78268442,-0.114771962,0.115843897,68.51309967,134.0589546,0
s14,3MNLEH,-113.7869461,14.93576221,223.0769929,0.012144789,-0.896281072,113.2778244,114.7629997,0,-78.08655315,19.53566397,381.6421668,0.003390135,-0.896120582,142.0806651,80.49317952,0,14.22252894,15.55686776,242.0161345,0.007074917,-0.680462649,120.6211205,21.07834111,0.314177913,164.5971314,16.02035182,256.6516725,0.007833017,-0.90716522,124.9369659,165.3749296,0
s14,3MNMBH,-70.10102686,6.913775854,47.80029656,-0.079401997,0.413970558,68.62342453,70.44114042,0,-125.45202,12.42801245,154.4554935,-0.108541979,0.620879624,136.1510544,126.0661129,0,12.46215159,8.977168179,80.58954851,0.00963148,0.119625762,86.35616112,15.3588662,0.096606868,127.8363178,9.173462817,84.15242005,-0.068961781,0.105698972,91.72479248,128.1650364,0
s14,3MNMEH,-84.08758124,6.338339365,40.1745459,-0.019895812,0.352529195,59.81783295,84.32612801,0,-124.4694174,10.10314489,102.0735367,-0.217003906,0.960596008,99.74313354,124.8787788,0,20.53160221,8.043872804,64.70388969,-0.067623338,0.21868959,68.75432205,22.0510902,0.010246856,144.4740542,6.520288388,42.51416066,-0.173489177,0.486752485,58.73699951,144.6211136,0
s14,3MNNLBH,-66.56085025,9.467075116,89.62551125,0.004254637,1.242874753,158.510046,67.23073923,0,-129.8915457,12.47875989,155.7194483,-0.14771606,1.688117771,181.0579147,130.48959,0,12.36024798,10.11882418,102.3906027,0.14637276,1.737934991,130.0662384,15.97392666,0.130053801,128.0737844,10.32057182,106.5142026,-0.269762462,4.442942426,189.0201578,128.4889429,5.33E-05
s14,3MNNLEH,-122.5749933,8.256413206,68.16835903,-0.066270507,0.405797813,84.15148926,122.8527465,0,-79.50351447,12.15040515,147.6323453,0.2840359,0.803620067,145.8261833,80.42661971,0.000114074,15.8243689,9.468918016,89.66040838,0.04450287,0.411976407,95.70030403,18.44101568,0.057664338,161.7472796,7.799036973,60.8249777,-0.206987475,0.625075673,80.84915924,161.9351951,0
s14,3MRSEC,-186.3736286,13.38250952,179.0915609,-0.002838319,-0.961569515,83.48953247,186.8534747,0,19.50929829,18.80426306,353.6003093,0.003811955,-1.079037794,112.8739185,27.09636561,0.354756343,105.6913335,17.63635829,311.0411338,-0.021919019,-0.523956864,117.4272461,107.1526907,0,225.7335889,19.7337785,389.4220137,0.019738851,-0.882431351,109.5491333,226.5945171,0
s14,3MRSEC,-178.602409,12.95461177,167.821966,-0.120066176,-0.56703858,101.6560822,179.0716127,0,18.39813678,18.58133806,345.2661239,-0.06903523,-0.994966187,136.250164,26.14875831,0.351249108,79.71090464,15.8163601,250.1572467,-0.058407836,-0.698189125,104.509634,81.2649098,0,199.5894912,18.35719208,336.9865012,-0.045675097,-1.054687948,122.1320343,200.4319124,0
s14,3MRSEC,-173.6921675,12.9918407,168.7879247,0.039939181,-0.353286245,131.2087708,174.1773721,0,17.32775506,17.46605138,305.0629507,0.037239183,-0.879069949,127.6502647,24.60313082,0.345819378,56.69708011,12.28932111,151.0274133,0.059124111,-0.205431077,111.5873976,58.01367344,0,177.6862783,17.53603227,307.5124277,0.069486084,-0.816385509,141.7328491,178.5495055,0
s14,3MRSEO,51.94658886,24.53444274,601.9388804,-0.051296463,-0.842115805,139.8180294,57.44899455,0.014877457,7.529046265,29.86247801,891.7675932,0.012672521,-0.871936808,222.1444473,30.7969825,0.492600423,70.75839468,12.49650758,156.1627018,-0.020562148,-0.736566493,92.609272,71.85341411,0,256.7332397,24.84845832,617.4458808,0.028926759,-0.814425647,214.9376526,257.9329414,0
s14,3MRSEO,-69.22399836,15.91039766,253.1407538,0.43159225,1.493515267,170.9433479,71.02888639,0.000277423,-52.72046963,19.76806371,390.7763427,0.330530828,0.61275528,196.4962158,56.30474456,0.001331632,-13.48499377,11.69970878,136.8831855,0.128539197,-0.080698606,111.5780449,17.85296173,0.202269323,150.3304279,15.98657832,255.5706863,0.402999816,1.282981424,158.4333878,151.178068,0
s14,3MRSEO,-57.51920338,13.5509347,183.6278313,0.137437048,-0.526872449,108.5169334,59.09387946,0.001108209,-46.5158435,15.67603307,245.7380128,0.089444159,-0.601778953,128.5777588,49.08626803,0.002638592,10.82984448,10.16291434,103.284828,0.034946466,-0.309213021,87.07422256,14.85161134,0.215757672,177.6436252,11.78116455,138.7958382,0.127259857,-0.110140925,105.9027557,178.0338547,0
s15,3MNLBH,-42.0137866,7.8004708,60.8473447,-0.301908216,0.917571508,73.60123444,42.73178687,0,-0.962225265,9.526796636,90.75985414,0.060570997,0.815119029,103.6475868,9.57526666,0.299408817,39.74340766,10.21184302,104.2817378,0.44647581,2.234783095,119.3102875,41.03437815,0.00063625,45.35920886,9.680754942,93.71701624,-0.138147779,1.800632937,118.3921452,46.38075942,0.000477188
s15,3MNLEH,-27.76569114,8.515448457,72.51286243,-0.073664046,0.58454693,84.80035973,29.04214983,0.001978309,7.148328472,10.29262664,105.9381631,-0.129550575,0.29145491,97.61699677,12.53143101,0.19754831,51.21212068,11.08650776,122.9106543,-0.986769287,5.101356944,123.5307636,52.39839653,0.001448405,73.45005624,12.29247124,151.1048493,-2.028247764,13.31709199,161.9021378,74.47157586,0.001660367
s15,3MNMBH,-36.83185506,9.115843895,83.09860991,0.084251873,0.372796852,84.37027502,37.9431701,0.000412555,0.164393014,10.61523663,112.6832487,-0.014646916,0.429488345,112.2979736,10.61650949,0.378175817,40.4266613,9.486269449,89.98930807,0.007360631,0.190542485,98.8006773,41.52474265,0.000206278,31.03629164,8.570150677,73.44748263,-0.270152007,2.201632927,108.9825573,32.19780864,0.002887888
s15,3MNMEH,-36.34592809,9.909023944,98.18875552,-0.330546875,1.417735086,121.3317013,37.67247329,0.000695088,-8.210933844,13.07054759,170.8392142,-0.288311133,4.52262211,184.2386932,15.4356292,0.298632994,42.93704293,10.02923895,100.5856338,0.421522112,2.253371294,121.7374835,44.09280315,0,54.57473996,12.62604849,159.4171004,-0.099462309,0.723837161,127.0144839,56.01624177,0.000486562
s15,3MNNLBH,-39.42144918,9.161080325,83.92539272,0.169091067,0.783712687,87.81659317,40.47191679,0.000510807,-1.880618117,10.95333769,119.9756065,0.075246345,0.643231059,100.2685852,11.11361017,0.24611308,43.34656635,11.88487562,141.2502686,0.289992329,0.837287943,109.7941113,44.94635784,0.000510807,36.2042463,12.11767851,146.8381324,-0.206626154,1.20801067,121.3709736,38.17833918,0.005363471
s15,3MNNLEH,-35.02503035,7.51976124,56.5468091,-0.117635324,0.379261343,77.04380751,35.82317072,0,-5.029200122,8.418061391,70.86375759,0.096359817,0.180877941,71.43022156,9.805947759,0.238168045,47.30410535,9.41643427,88.66923436,-0.085944954,0.320393511,87.93253064,48.23222592,0,60.77917906,9.51564988,90.54759264,-0.217695958,1.306079633,103.3708348,61.51955949,0
s15,3MRSEC,-50.2782413,16.65698555,277.4551675,0.041581817,-0.904301804,112.5148921,52.96561824,5.55E-05,-10.72249549,18.66865479,348.5186715,0.04426021,-0.802645909,124.2020798,21.52883139,0.441978528,-46.1839341,14.59469364,213.0050825,0.017752643,-0.606772655,105.9307928,48.43512002,0.000166449,-16.08641906,15.32345688,234.8083308,-0.009926682,-0.663349947,116.4193497,22.21668763,0.281410381
s15,3MRSEC,-43.8039301,19.18971991,368.2453502,0.050627861,-0.553939721,165.7504959,47.82289872,0.005505298,-14.65803209,21.4661312,460.7947888,0.010473922,-0.512290139,174.5261688,25.99332017,0.424544222,-34.61169263,17.04189773,290.4262781,0.007858364,-0.291958829,156.3932686,38.57972972,0.015851938,-20.11055782,16.91110702,285.9855407,-0.008706225,-0.621941138,136.6260262,26.27584588,0.233961325
s15,3MRSEC,-40.47614365,18.17283908,330.2520801,-0.057013329,-0.70512437,141.9535103,44.36857317,0.003831015,-17.530415,20.67772714,427.5683996,0.021932362,-0.463657051,200.4380646,27.1087412,0.376777749,-30.79199107,16.69123408,278.597295,-0.017478352,-0.656376695,126.9434223,35.02490555,0.038126476,-26.91973496,17.07524641,291.5640401,-0.030912868,-0.613776819,132.2896156,31.87845935,0.084964576
s15,3MRSEO,-56.10277109,19.69764285,387.997134,0.252639987,0.122051529,162.3378334,59.46022249,0.002895933,59.29252314,22.15146467,490.6873868,0.031222673,-0.38075319,165.6551285,63.29526591,0.003923522,-114.2346508,17.72836043,314.2947636,2.184388915,14.88833727,202.5436325,115.6021203,0.001588092,6.497597071,19.04925316,362.8740461,-0.175059532,-0.062244666,153.6911926,20.12691764,0.357787881
s15,3MRSEO,-50.65449206,11.69201828,136.7032915,-0.013407709,-0.54115333,93.44513798,51.98635261,0,33.48834569,14.93223808,222.9717342,-0.021468524,-0.233006673,117.0139885,36.66662012,0.019305257,-86.07140217,11.00639896,121.1408181,0.036411094,-0.136607857,87.54358292,86.77227144,0,-11.53064817,11.83141598,139.9824041,-0.206809632,0.370921893,123.6467037,16.52084294,0.248724255
s15,3MRSEO,-46.76819891,15.88055387,252.1919911,0.060602089,-0.718774285,110.2896509,49.39085361,0.000598007,8.604921416,17.75808945,315.349741,0.026080463,-0.703932822,119.7123299,19.73307917,0.443953488,-59.96901175,13.20121576,174.2720976,0.060632215,-0.429168299,97.89001274,61.40484075,0,-16.45656622,14.31201201,204.8336879,0.004175919,-0.582384444,104.9154167,21.80945345,0.243986711
s16,3MNLBH,-34.23651498,28.62736157,819.5258304,0.065962435,-1.320353412,119.8899727,44.62807176,0.34239943,110.2612893,27.80488595,773.1116827,0.084063263,-0.924761028,164.6004715,113.7130758,0,-4.349635663,27.1944296,739.5370011,0.068716613,-1.259653411,124.4975281,27.5400859,0.499750801,30.59967218,20.15364832,406.1695405,0.062689019,-1.1780334,106.8508148,36.64027126,0.080526878
s16,3MNLEH,-26.64857143,29.25310911,855.7443926,0.036832013,-1.234255146,212.942421,39.5713375,0.447957095,152.8621613,26.36046713,694.8742274,0.134013383,-0.631187064,153.373291,155.1183889,0,-25.00857978,27.95163056,781.2936507,0.046880039,-1.227798919,138.398735,37.50630232,0.427175217,67.05089532,18.80761174,353.7262593,0.043911771,-1.074513727,104.5788193,69.63870204,0
s16,3MNMBH,-31.15215388,27.96840371,782.2316059,0.054396577,-1.413508848,117.2028561,41.86512029,0.359292649,104.0421803,27.80202718,772.9527152,0.092361744,-1.077818818,161.5767689,107.6927481,0,0.167516261,27.46108979,754.1114526,0.053854719,-1.3580591,124.8995705,27.46160072,0.5,24.76303245,20.90254646,436.9164487,0.042446876,-1.274052176,114.8878593,32.40562027,0.239563107
s16,3MNMEH,-33.07920674,27.47472791,754.860674,0.013146683,-1.291316832,169.4417801,43.0010999,0.29077263,121.4662648,25.83277709,667.3323724,0.046298004,-0.8193325,179.268362,124.1828727,0,-9.396779786,26.5883105,706.938255,0.012502067,-1.233982899,166.2142487,28.19995967,0.498501952,52.06191505,18.58087251,345.2488231,0.009593172,-1.084902746,122.2872486,55.2783124,0.001028962
s16,3MNNLBH,-36.13220473,28.92103843,836.426464,0.047444669,-1.38341505,126.5843925,46.28134271,0.265280177,112.5347893,27.74906114,770.0103941,0.078309412,-0.893158487,160.4230003,115.9055184,0,-8.990157661,27.2019599,739.9466226,0.05084998,-1.348097122,118.5398674,28.64907603,0.499592529,35.83076559,19.9772225,399.0894187,0.05037055,-1.26287095,98.43603897,41.02356861,0.015777292
s16,3MNNLEH,-10.55153324,29.90781732,894.477537,0.106405465,-1.110602271,185.1942368,31.71454541,0.497582002,187.2162266,27.80861704,773.3191816,0.269255245,-0.382911584,160.7539825,189.2702689,0,-34.79615054,29.12285427,848.1406409,0.102044474,-0.94730066,199.2356873,45.37524361,0.275126156,72.4375408,19.66635222,386.7654096,0.114275071,-0.910428067,137.7984848,75.05972773,0
s16,3MRSEC,16.34411165,33.14113009,1098.334503,0.075081853,-1.329458147,182.5164642,36.95219194,0.499448804,108.8566031,22.63637067,512.4052773,0.064473024,-0.755739325,186.8996251,111.1852748,6.48E-05,-48.73902721,35.36674821,1250.806879,0.073402859,-1.339584387,189.0070572,60.21876495,0.193372674,193.4247204,20.21226986,408.5358528,0.077417782,-1.223600706,122.6986389,194.4779122,0
s16,3MRSEC,16.34411165,33.14113009,1098.334503,0.075081853,-1.329458147,182.5164642,36.95219194,0.499448804,108.8566031,22.63637067,512.4052773,0.064473024,-0.755739325,186.8996251,111.1852748,6.48E-05,-48.73902721,35.36674821,1250.806879,0.073402859,-1.339584387,189.0070572,60.21876495,0.193372674,193.4247204,20.21226986,408.5358528,0.077417782,-1.223600706,122.6986389,194.4779122,0
s16,3MRSEC,5.258953359,32.98031581,1087.701231,0.082434489,-1.329964309,135.2609634,33.39697324,0.499807754,110.2139674,21.91599627,480.3108926,0.102098765,-0.96560009,120.7594948,112.3718359,0,-53.88633426,34.65787544,1201.16833,0.089409302,-1.329722348,144.9192562,64.06953527,0.063441205,188.3824525,20.28224736,411.3695579,0.097839091,-1.229856502,101.8225098,189.4711534,0
s16,3MRSEO,132.4422287,38.19223435,1458.646765,0.084010778,-0.967332822,258.6309166,137.8390029,0,162.9019057,27.78839691,772.195003,0.224488124,-0.364051081,203.7403946,165.2550329,0,-102.9590987,38.41475321,1475.693264,0.071169329,-0.991150763,249.7262115,109.8920801,0.001091135,197.9776078,19.18078068,367.9023474,0.105326155,-1.147489671,120.0507813,198.904589,0
s16,3MRSEO,87.79346416,34.98740138,1224.118255,0.06068265,-1.33787622,152.7356396,94.5082568,0,137.673607,24.61955386,606.1224321,0.195463565,-0.577688899,216.1886635,139.8575865,0,-77.32298593,33.13076964,1097.647897,0.069940965,-1.346731483,151.9932733,84.12188805,0,199.8693204,18.17630689,330.3781323,0.088841797,-1.247310858,88.61878967,200.6941039,0
s16,3MRSEO,52.8797662,33.35442723,1112.517816,0.079777969,-1.240282525,174.3242216,62.52029662,0.047466805,118.2696847,24.37781249,594.2777416,0.282078917,-0.254815427,317.7194672,120.755936,5.76E-05,-36.1096499,38.42121904,1476.190072,0.03978608,-1.073485778,226.2826538,52.72662409,0.448111985,193.2880809,17.37412477,301.8602116,0.089163496,-1.091874658,110.2241821,194.0673657,0
s17,3MNLBH,-184.3275044,18.53806189,343.6597387,0.051185627,-1.195534923,93.48442078,185.2573578,0,-427.1351496,25.16327025,633.1901698,0.418561232,0.148765646,188.6124878,427.8757135,0,350.0667039,23.1285235,534.9285993,0.046887279,-1.18940903,118.771759,350.8299101,0,73.77639149,21.62872596,467.8017866,0.047105668,-1.269152108,106.8227644,76.88145243,0
s17,3MNLEH,-183.7076932,18.3297213,335.9786829,0.02019271,-1.285021255,85.68670654,184.6198669,0,-398.8426484,25.80640276,665.9704237,0.053431223,-0.854155774,191.7764587,399.6766551,0,320.1983149,25.83178934,667.2813407,0.022273131,-1.305814037,116.4174805,321.2386063,0,97.19150209,24.34898882,592.8732566,0.024577461,-1.394462983,105.4202957,100.1951163,0
s17,3MNMBH,-181.45706,18.89289113,356.9413351,0.053674642,-1.322711328,86.76942444,182.437951,0,-436.8592835,24.51069092,600.7739693,0.275058258,-0.344299562,177.2843323,437.546349,0,354.8940121,23.64346317,559.0133505,0.045352579,-1.309841478,117.1523438,355.680718,0,69.64715187,22.20680878,493.1423564,0.051121839,-1.372147115,113.6667757,73.10176551,0
s17,3MNMEH,-190.8627608,18.5793763,345.1932237,0.030456163,-1.242049946,100.0759888,191.7649256,0,-418.3173125,24.41238302,595.9644448,0.092003078,-0.904433261,172.8320007,419.0290424,0,336.8856493,24.94469899,622.2380078,0.024977946,-1.238272322,144.4143677,337.807902,0,85.87123929,23.44761963,549.7908662,0.038138909,-1.344235617,106.3590126,89.01494595,0
s17,3MNNLBH,-187.5550714,18.72556825,350.6469062,0.05662787,-1.210772692,106.4319305,188.4875373,0,-419.8500805,31.03921027,963.4325743,0.743038599,2.672185065,320.5935974,420.9958701,0,342.1218888,23.44422008,549.631455,0.028295106,-1.182207801,129.7950745,342.9242165,0,79.78052936,22.31390108,497.9101816,0.02821135,-1.197857302,119.5889082,82.84227813,0
s17,3MNNLEH,-171.1675063,19.77721679,391.1383041,0.06819253,-1.305769797,103.3390503,172.3062782,0,-382.3404456,26.6040493,707.7754391,0.06968832,-1.145817327,134.0941162,383.2649107,0,299.7434174,28.17027266,793.5642619,0.043702199,-1.247611353,130.881546,301.0642466,0,105.5379887,26.11501174,681.9938383,0.072874066,-1.407939605,114.9944382,108.7210232,0
s17,3MRSEC,-36.07826978,25.07583616,628.7975589,-0.194512328,0.054806902,251.8055916,43.93676261,0.128051987,-278.6843366,51.04101266,2605.184974,1.317722742,4.835980108,537.3263855,283.3198624,0.001878146,189.0092281,37.2618344,1388.444303,-0.666925916,2.34800575,326.4727058,192.6471713,0.002760874,52.62211862,35.52220595,1261.827115,-0.317149878,0.669388034,333.7243652,63.48948325,0.048587634
s17,3MRSEC,-46.52420666,22.46937895,504.8729905,0.013961492,-1.295933706,114.0538597,51.66599264,0.00053224,-312.5974056,35.616747,1268.552667,0.40981657,0.157650739,264.3005829,314.6199146,0,199.4074282,33.08481602,1094.605051,0.023678009,-1.337511569,151.5239105,202.1334398,0,53.70575564,33.18163811,1101.021107,0.027132693,-1.408456942,136.7849693,63.12946457,0.017510711
s17,3MRSEC,-53.0758559,22.36298765,500.1032169,0.001829404,-1.320695384,108.0569305,57.59470198,0,-333.5802485,35.72437296,1276.230823,0.459041015,0.351766544,278.6281433,335.4877241,0,204.2559794,33.08088789,1094.345143,0.025210113,-1.381427624,150.2261658,206.9174963,0,53.58930331,33.118907,1096.862001,0.020404614,-1.437512897,140.3958435,62.99742399,0.014940239
s17,3MRSEO,35.92484543,37.64322488,1417.012379,0.025910232,-1.293222493,180.4632645,52.03467016,0.373780887,-107.9119219,44.17402726,1951.344684,0.044222981,-0.797449219,285.3955078,116.6032914,0.001378502,113.1640477,47.42590918,2249.216862,-0.004576307,-1.298501357,206.7715883,122.7001164,0,29.17745363,47.10670468,2219.041626,0.001160372,-1.419503128,184.4948769,55.41087823,0.499879381
s17,3MRSEO,10.25863249,35.38806423,1252.31509,0.023106355,-1.406747074,177.0580826,36.84500822,0.50010516,-167.2970683,39.21963636,1538.179877,0.018238195,-1.205339248,202.332325,171.8327353,0,146.1997035,45.67885015,2086.557351,0.031706846,-1.372202786,201.6180038,153.1695487,0,45.05336573,45.7614971,2094.114617,0.028727449,-1.457399908,180.7474899,64.21775752,0.475567863
s17,3MRSEO,-3.649746193,35.51601041,1261.386995,0.030484742,-1.3956032,169.2697372,35.70304809,0.4998365,-197.0036183,40.83019733,1667.105014,0.045957765,-1.137370509,219.8107452,201.1902846,0,159.0210698,46.24686144,2138.772193,0.037580131,-1.352187508,181.8002777,165.6093984,0,47.97248798,46.34016275,2147.410684,0.038370541,-1.44009687,169.9522743,66.69910259,0.460669258
s18,3MNLBH,-213.0625577,25.90502278,671.0702052,0.042935088,-1.156427177,151.0134354,214.6316,0,-32.4226883,24.61893163,606.0917946,0.060705687,-1.0798663,161.9582405,40.71022612,0.196964311,230.6929819,26.92574737,724.9958716,0.051926413,-1.116443311,156.0809937,232.2590101,0,-226.9559413,23.59853145,556.8906868,0.05210069,-1.079663976,131.9978943,228.1795127,0
s18,3MNLEH,-219.6807589,13.09061295,171.3641473,-0.011283426,-0.485081721,100.8894043,220.0704432,0,-27.69301305,11.97350637,143.3648548,0.10075972,0.479481547,157.0888863,30.17064511,0.020023349,211.3633692,12.27021842,150.55826,0.039102918,-0.2621087,87.06860352,211.7192294,0,-233.0570213,11.21856596,125.8562223,0.020466402,0.037134634,114.2651825,233.3268767,0
s18,3MNMBH,-218.0209827,12.67997346,160.7817269,0.322100026,2.894236196,245.7151794,218.3894014,0,-29.36531488,13.45915924,181.1489675,0.305860085,1.47625336,182.6099625,32.30279686,0.042906532,228.2832599,11.40905288,130.1664876,0.103352108,-0.239762977,89.37237549,228.5681807,0,-234.3396331,10.94086181,119.7024571,0.067052968,0.269697216,109.2032013,234.5948979,0
s18,3MNMEH,-198.5012906,52.31127038,2736.469009,8.130926551,73.90323698,739.7952271,205.278424,0.000143963,-15.93949655,15.80273073,249.7262986,0.083492406,-0.884653978,110.9104767,22.4453525,0.316825625,227.5683189,19.6817862,387.3727079,0.063982759,-0.92448588,125.5222626,228.4178463,0,-197.1098978,15.41997215,237.775541,0.061578425,-0.850442119,119.364502,197.7121325,0
s18,3MNNLBH,-214.6507848,11.6729529,136.2578294,-0.0162405,-0.295852392,98.70718384,214.9679447,0,-31.49688454,10.10621007,102.1354819,0.059798267,0.355833791,171.8596191,33.07853107,0.001632363,231.2931666,12.3174122,151.7186433,0.106979187,-0.234557999,87.88391113,231.6209135,0,-232.486326,9.216095978,84.93642507,0.070305726,0.206050843,98.72213745,232.668924,0
s18,3MNNLEH,-193.5141094,17.69748059,313.2008193,0.074030869,-0.939141063,119.680542,194.3216698,0,-27.73004989,15.62481058,244.1347055,0.152311278,-0.772079414,122.2853775,31.82908061,0.048200122,223.8390374,20.10409759,404.1747398,0.106050142,-0.779688744,141.6449585,224.7400485,0,-169.1919658,15.80015439,249.6448788,0.088304803,-0.732862672,111.8828506,169.9281206,0
s18,3MRSEC,-119.8540761,19.07239345,363.7561918,0.04791791,-1.083897784,100.9174652,121.3620853,0,40.67584215,19.86101252,394.4598185,0.077406844,-1.116249686,105.0032997,45.26570394,0.00247849,176.1515007,22.35224422,499.6228217,0.063114879,-1.121053362,126.9658661,177.5639998,0,-207.0940161,16.80536818,282.4203995,0.058049174,-1.029066617,92.1399231,207.7747625,0
s18,3MRSEC,-127.0522136,18.80003565,353.4413405,0.047678339,-1.17618583,100.3433914,128.4356116,0,33.65796262,19.79298278,391.7621673,0.074867012,-1.089591478,117.2870026,39.04639055,0.035866781,183.7628147,22.13801148,490.0915524,0.055673598,-1.154836272,117.6927872,185.0915006,0,-216.3675208,16.77503312,281.4017361,0.06931059,-1.054070529,101.1175537,217.016833,0
s18,3MRSEC,-127.1538689,18.61702162,346.593494,0.050792993,-1.157211019,95.34313965,128.5095322,0,26.89403202,19.00955223,361.3630762,0.074569232,-1.164721096,95.20850086,32.93405584,0.121504956,191.3052905,21.68879675,470.4039045,0.060169196,-1.177773397,111.5368958,192.5308237,0,-229.6661838,16.65867954,277.5116041,0.071320565,-1.059321615,92.42227173,230.2695542,0
s18,3MRSEO,-124.4097983,26.06931943,679.6094156,0.01102358,-1.162142115,184.5098267,127.1117907,0,51.21932939,27.79645732,772.6430393,0.047822826,-1.303245092,135.7134886,58.27574746,0.00363013,117.9192678,31.08161072,966.0665249,0.044166127,-1.194642806,143.4120674,121.9467927,0,-63.15392707,24.67347843,608.7805378,0.04982058,-0.879370295,143.2942696,67.80264775,0.000201674
s18,3MRSEO,-116.5221352,28.52369626,813.6012484,0.04841988,-1.350994401,130.3280334,119.9625326,0,45.89128626,30.50680613,930.6652205,0.060569175,-1.328435949,144.2142792,55.10603756,0.057537644,168.4771546,33.35896045,1112.820242,0.05454859,-1.391800302,134.9486847,171.7479894,0,-192.9827689,26.15481258,684.0742213,0.055858118,-1.328427684,110.5645294,194.7470753,0
s18,3MRSEO,-118.8139384,27.20869721,740.3132037,0.050054995,-1.335930177,126.952774,121.8895613,0,43.87911861,29.53906087,872.5561173,0.063242884,-1.265743074,169.170639,52.89549288,0.07311664,159.883885,32.04864703,1027.115776,0.050126789,-1.375802334,142.314415,163.06432,0,-153.7461518,25.08248558,629.1310828,0.060052652,-1.208994706,123.0539322,155.7787221,0
s19,3MNLBH,-84.73105968,40.26621805,1621.368316,-0.121734257,-1.259928136,309.8488464,93.81215694,0.000303398,132.4910831,55.3659317,3065.386393,-0.057006556,-1.177326227,387.0141907,143.5941277,0.000404531,-34.12485254,56.69573674,3214.406565,-0.104623984,-1.172907808,256.7366562,66.17334906,0.495347896,5.236558218,47.60072707,2265.829217,-0.052009729,-1.19529465,223.4122772,47.88789784,0.499932578
s19,3MNLEH,-83.89709679,10.43334005,108.8545847,-0.050895133,-0.080090937,127.2949732,84.54334648,7.66E-05,133.1655008,11.45432328,131.2015218,-0.148542039,0.911557975,172.2485675,133.6572187,3.83E-05,-25.93507528,9.80810755,96.19897372,0.016542934,-0.392032369,67.07136631,27.72773167,0.002912547,4.751182933,10.8083053,116.8194634,-0.128208999,-0.134070134,81.48681259,11.80648985,0.169310953
s19,3MNMBH,-83.60136252,44.3592863,1967.746281,-0.504837257,-0.233094414,317.7549968,94.64108039,0.003197135,120.3443499,59.83794639,3580.579828,-0.433347536,-0.212037513,437.0297546,134.3999345,0.022060234,-29.15353589,64.06826932,4104.743134,-0.570821862,0.163403213,488.1953125,70.38942953,0.497346378,-0.514406685,47.10736022,2219.103387,-0.467371607,-0.147606996,353.155014,47.11016877,0.497793977
s19,3MNMEH,-101.7671098,18.81607749,354.0447722,-0.931277118,10.71312188,229.2409134,103.4919775,0,117.6256314,21.36908885,456.6379583,-1.18574008,11.76785248,266.7446289,119.5509395,0.013998511,-304.1634333,1986.599337,3946576.925,-8.299272759,73.30823159,24545.37932,2009.749317,0.00431869,-2.081893349,19.64518649,385.9333521,-0.432036269,13.62309689,269.3195419,19.75519253,0.117088608
s19,3MNNLBH,-84.29306666,45.83657433,2100.991546,-0.243432891,-1.041396906,217.1572895,95.9495317,0.002093061,131.7494329,61.9365891,3836.14107,-0.198829834,-1.032539881,302.8253021,145.5817782,0.011699673,-29.62294253,62.16975575,3865.07853,-0.254564884,-0.960316813,287.9947433,68.86651765,0.491815596,4.5523164,50.78002859,2578.611304,-0.208844521,-1.020044652,252.488121,50.98367276,0.499731659
s19,3MNNLEH,-94.23410419,11.23551012,126.2366877,-0.075895406,-0.694805307,83.31562805,94.90154414,0,123.8978395,12.7266047,161.9664673,0.06937881,-0.549894939,111.149826,124.5497535,0,-30.02105317,10.98176518,120.5991664,-0.056981136,-0.562305104,80.49199867,31.96658881,0.000689655,0.328574787,11.43080144,130.6632215,-0.108190611,-0.407907775,107.0490303,11.43552285,0.153524904
s19,3MRSEC,7.876176078,8.505374043,72.34138761,2.332015415,39.86343927,250.9977722,11.59204629,0.139754744,230.4656583,7.783604296,60.58449584,1.616218451,16.39275427,147.1482391,230.5970601,0,-65.27438226,7.667568085,58.79160034,1.30067043,12.80140398,144.3246117,65.72318145,0.000205522,19.36767728,7.84566405,61.55444438,1.170322647,11.67778251,144.9192543,20.8964439,0.006713708
s19,3MRSEC,23.27496043,6.915394915,47.82268683,-0.008755203,-0.018388701,55.45523691,24.28057804,0.000457648,225.8519517,6.213521773,38.60785282,-0.013563189,0.296984633,54.85871887,225.9374071,0,-65.63413377,6.160278061,37.94902579,0.034259673,-0.050948166,50.71491623,65.92259508,0,25.6540445,6.911288255,47.76590535,-0.043983765,0.004008218,58.75943756,26.56870159,0.000305099
s19,3MRSEC,26.94333733,8.636669986,74.59206845,-0.387065524,0.231974913,64.07383728,28.29373596,0.003888529,221.1691244,8.377052375,70.1750065,-0.33458726,0.43408228,120.4434967,221.3277131,0,-66.06343256,7.445572859,55.4365552,-0.22711622,0.102834608,61.3642807,66.48167925,0,28.31825107,7.918288338,62.6992902,-0.120710774,-0.039413597,60.27409673,29.40446623,0.000686211
s19,3MRSEO,-52.83678355,8.748384105,76.53422444,0.107741271,-0.22131962,66.39444351,53.55613803,0,249.1523738,8.022844143,64.36602814,0.161161753,1.386654854,95.15054321,249.2815104,0,-35.17333907,8.862055167,78.53602179,0.141301222,-0.067751084,66.09524971,36.27257646,0,14.89044179,7.434614402,55.27349131,-0.029483533,-0.006736318,63.0734129,16.64327936,0.036615615
s19,3MRSEO,-26.69032495,40.15355571,1612.308036,11.11890252,134.2369858,675.0725174,48.21495081,0.004173809,242.1546252,9.985614358,99.7124941,0.072130575,2.473118552,182.7408752,242.3604237,0,-51.04553018,9.558534052,91.36557322,-0.30128671,2.45219457,139.0532236,51.93276157,0.000223597,13.87068225,8.478462207,71.8843214,-0.251327368,0.682834298,97.78342438,16.25669547,0.067973466
s19,3MRSEO,-3.335730944,9.606522586,92.2852762,-0.11790977,0.587625421,100.4424896,10.16918763,0.294923357,240.7534932,10.3657316,107.4483916,0.174421451,5.451344929,205.6645966,240.9765401,0,-57.61365917,8.857099318,78.44820833,-0.38868335,2.052872426,114.1398778,58.29049606,0.000227652,17.95111971,8.169236706,66.73642835,-0.193035957,0.560927268,94.52971268,19.72255377,0.026179997
s20,3MNLBH,-159.1835838,76.27826164,5818.373198,-0.253973537,-1.295425831,262.393261,176.5156836,0,2.059709442,70.40446775,4956.789079,-0.260909369,-1.29499148,281.0459976,70.43459009,0.497851944,113.3913393,81.29249842,6608.4703,-0.25789816,-1.275675336,288.5388908,139.5208448,0.260003551,-30.27373791,69.79620415,4871.510114,-0.281706244,-1.293853051,245.0588074,76.07896766,0.500195278
s20,3MNLEH,-172.2172418,56.57469913,3200.696582,-0.217321602,-1.038664596,300.7290835,181.2718262,0.000728836,14.98128453,52.03640689,2707.787642,-0.292265653,-0.859495344,277.5192871,54.15003719,0.499508035,119.1861074,61.53274128,3786.27825,-0.186919692,-0.991346676,358.2431545,134.1327941,0.003644182,12.59094806,53.12952956,2822.746911,-0.135304796,-0.868987216,326.0257721,54.60108867,0.497685944
s20,3MNMBH,-154.4747216,74.6580209,5573.820085,-0.297842878,-1.012152826,377.208168,171.5699849,0.003709226,0.424035009,70.4437672,4962.324337,-0.264834967,-1.002789194,386.1988983,70.44504342,0.496272592,116.1970876,83.16116154,6915.778788,-0.309755245,-1.025672928,585.791748,142.8899645,0.300301829,-32.15372404,70.4923012,4969.164529,-0.293632187,-1.026723581,359.6661835,77.47920042,0.496418052
s20,3MNMEH,-170.2237385,55.12213798,3038.450096,-0.209939847,-1.269369215,412.7858429,178.9261615,7.21E-05,-4.087590999,47.50271634,2256.50806,-0.237902184,-1.307369372,181.5740128,47.67825983,0.499927866,121.108792,58.62954248,3437.423251,-0.213910805,-1.259778065,384.2447968,134.55394,3.61E-05,-9.390530672,47.96174228,2300.328722,-0.248237151,-1.287945421,185.7402573,48.87239291,0.499963933
s20,3MNNLBH,-169.4165111,55.07959787,3033.762101,-0.239106165,-1.282605763,454.9887543,178.1452113,3.71E-05,-15.59619537,50.09718683,2509.728129,-0.292396297,-1.331511595,199.7947998,52.46874726,0.499944376,111.1975871,61.3347887,3761.956305,-0.240637873,-1.354720899,310.5706406,126.9915733,0.000444988,-23.15153842,49.79709642,2479.750812,-0.303698095,-1.318198646,204.3500061,54.91579503,0.499944376
s20,3MNNLEH,-161.9723613,80.28069476,6444.989951,-0.313039378,-1.201895721,290.0946999,180.7762035,0,24.1674816,75.46241561,5694.57617,-0.321739686,-1.204077476,288.7838593,79.23789079,0.499886407,116.9782533,85.83052452,7366.878939,-0.317016871,-1.205584296,317.3940887,145.0889061,0.317606967,20.3051356,74.39628924,5534.807853,-0.341167668,-1.190308994,273.2613983,77.1174843,0.499886407
s20,3MRSEC,-172.5929059,52.75212682,2782.786884,-0.284967981,-0.971993236,216.6524048,180.4746466,0,-66.69161638,44.02799713,1938.464531,-0.220532793,-1.053619289,188.5545349,79.91393011,0.073325287,112.8905765,54.86295693,3009.944043,-0.27979546,-0.974866451,230.4451628,125.5158409,0.009354255,25.95565065,45.65630793,2084.498454,-0.266969037,-0.980815564,195.1648102,52.51851345,0.499849125
s20,3MRSEC,-174.9746179,44.90546937,2016.501179,-0.10902716,-1.163074202,210.0122223,180.6450057,0,-63.11206836,32.55038153,1059.527338,-0.094764198,-1.160570003,189.7830887,71.01169277,0.000754034,112.1957911,45.04958264,2029.464896,-0.077580362,-1.109633658,249.1801782,120.9022764,0,28.66773845,35.80724255,1282.158619,-0.088317052,-1.231604899,168.3889923,45.8693563,0.481299955
s20,3MRSEC,-176.9297151,52.62479978,2769.369552,-0.271608428,-1.19638749,208.7668152,184.5900691,0,-55.44147426,40.15370933,1612.320373,-0.358495721,-1.0134441,225.5627117,68.45493,0.075388353,113.66211,52.10758819,2715.200747,-0.286663374,-1.177932562,209.2025238,125.0370985,7.36E-05,31.57319937,42.71313526,1824.411924,-0.352232185,-1.136997784,175.7341576,53.11571182,0.49282191
s20,3MRSEO,-186.9419006,67.35160109,4536.23817,-0.466826471,0.257342969,796.3294373,198.7045857,3.81E-05,-82.62931998,123.1745061,15171.95894,2.413718557,10.1641031,1118.288055,148.3224982,0.066925981,90.81853114,66.04248654,4361.610029,-0.267026048,-0.784157637,349.3496552,112.2925448,0.149029478,22.1004584,61.29241411,3756.760028,-0.512009091,0.024318535,402.3515167,65.15512481,0.482820425
s20,3MRSEO,-172.8314736,75.33763715,5675.759571,-0.65922213,1.43618198,688.4875069,188.5377359,0,-76.88378837,72.35016363,5234.546177,-0.570874519,0.756473501,658.2205048,105.5730226,0.302009241,105.8139841,79.5815779,6333.227542,-0.646033728,1.417376483,718.4160767,132.4002521,0.289133482,18.89459694,68.83122239,4737.737175,-0.660967504,1.316096104,615.2602997,71.37746821,0.497040652
s20,3MRSEO,-174.9552998,58.69281158,3444.846132,-0.1543399,-0.850896379,305.7704735,184.5378093,0,-64.34043889,52.992251,2808.178666,-0.045621838,-0.771665287,282.6765938,83.35388859,0.224574543,110.5108683,61.17668399,3742.586664,-0.26128833,-0.852044404,266.4192581,126.3140478,0.079566942,20.56423648,51.40086794,2642.049225,-0.214771794,-0.836743256,241.1992416,55.36187359,0.499796077
